typing_speed,error_rate,pause_frequency,key_press_duration,movement_speed,click_frequency,eye_blink_rate,eye_closure_duration,speech_rate,pitch_variation,volume,clarity,hour_of_day,day_of_week,fatigue_score,data_source
49.97,2.17,3.36,95.13,153.18310799691008,4.41074448637119,18.646749085636998,0.1295848099419108,100.0836790196094,1.1279067017570992,0.901350688921926,0.7544366740033361,18,4,0.18649666666666667,keyboard
43.62,4.16,3.56,103.19,89.47125151379437,9.91307152072104,13.880060215543034,0.20858765080303976,118.22365453491497,0.9770184534275028,0.8548111965881912,0.908936512604821,19,3,0.3034442857142858,keyboard
51.48,4.31,4.08,142.42,107.57913387818914,4.748255636962562,33.281023140639704,0.29342025616552847,124.32129829352124,0.8443102300705463,0.8032592111548007,0.8664782811382152,8,1,0.34990476190476183,keyboard
60.23,3.4,4.05,138.31,102.07163652033462,2.768246400239443,9.08548810034768,0.2001027485728182,115.05582978912645,1.098291529131171,0.9386908579951655,0.8211724167015365,14,6,0.31489761904761904,keyboard
42.66,4.68,1.62,119.37,156.0194709899649,5.681631529347398,23.966055790265823,0.18030902700555798,98.68237728494528,0.807707469113703,1.0171678618778492,0.8130158414870827,11,1,0.29634238095238097,keyboard
42.66,5.81,2.06,123.52,144.66678388459292,7.149702241938787,19.756603661687215,0.23425824667801282,118.2649090973265,0.5995999519348958,0.9947063114748557,0.7377539097244503,11,2,0.3497304761904762,keyboard
60.79,8.77,3.52,158.33,61.77360347195288,7.5379353539111555,15.546903026148591,0.2084960563013309,132.04517482481748,0.8108142023296302,0.7606033992430199,0.9174402541956148,12,7,0.4942214285714286,keyboard
52.67,5.35,3.51,102.25,121.9809693168345,6.005626140100242,18.495667409528657,0.2429153909619971,73.13677056200902,0.900132428329519,0.7488447515002863,0.8115983571141081,12,2,0.29786904761904764,keyboard
40.31,5.52,3.52,136.41,132.36503654500905,4.262080956185303,15.75898526305772,0.2095611033297825,111.04160883229135,0.6616474609100506,0.6919270829788082,1.1357745393229286,10,6,0.4183280952380952,keyboard
50.43,4.85,6.85,113.93,102.66190976129357,5.563505580442266,21.992479512516184,0.08907954527900203,123.34698789087373,0.6733647068651113,0.8766747361515278,0.7908288980744166,9,6,0.3977642857142857,keyboard
40.37,1.16,3.57,113.47,107.65275963506342,8.402552569913079,16.74780435072996,0.10826275428695054,117.53786443684078,0.8628197508170679,0.67965384160714,0.7355754342244547,19,7,0.2503633333333334,keyboard
40.34,4.95,4.14,152.96,199.55604925780102,5.599168952718095,17.310158277343948,0.20772826816257128,135.58960113692964,0.7967088884892564,0.8219599932582242,0.9462017507243272,21,5,0.4463457142857143,keyboard
47.42,5.12,3.95,144.76,101.25756342022642,8.650327034398149,23.888297725029446,0.23905269918679697,147.69205535210924,0.9761178500395282,0.8242140907335385,0.9099742428328502,14,1,0.38987047619047616,keyboard
25.87,9.93,3.65,144.41,86.97593096434433,11.600835895403538,19.725169214495555,0.2604478376318655,113.57972990289193,0.4456376618205475,0.7438749968762437,0.5526113720939874,20,4,0.6543157142857143,keyboard
27.75,4.62,2.68,159.16,153.95443455400414,10.67813441585643,22.860111455493957,0.3096772593593091,123.37450971552103,0.7430146994439518,1.0018637656209939,0.8269529669669061,14,3,0.48060476190476187,keyboard
39.38,5.6,3.76,120.63,122.69677022048593,9.293088776145929,15.650803170110215,0.22101296504933468,134.38384930279972,0.7912426466620782,0.9731639244657009,0.7851488381523875,15,1,0.40686523809523806,keyboard
34.87,4.93,2.23,140.46,161.13532910702156,14.840082933344808,21.847018407204573,0.2964813085991413,106.31447457844794,0.7554624483923374,0.8738873267398098,0.8658109554311062,16,7,0.4031609523809524,keyboard
48.14,2.66,2.76,110.69,108.7505467206003,6.35821509996539,21.86736208246339,0.2105798002546191,127.48246975607523,0.9649966832470418,0.9820519409042542,0.8554451845340563,16,4,0.22096714285714283,keyboard
35.92,7.29,2.51,129.72,105.56277287965328,9.913124636996317,24.8150812613863,0.2945756066512968,125.64310714902551,0.3986410045547071,0.915807018650551,1.0286636510700027,12,3,0.4577609523809524,keyboard
30.88,6.5,3.08,116.1,122.07528045779274,6.732046850383967,15.7995748177601,0.2868769415777379,169.69574497578552,0.6531836336038446,0.8920535510887215,0.9583251989292172,19,2,0.45788666666666666,keyboard
59.66,6.58,5.31,122.91,112.65233244134146,4.948033838065494,19.112674688022082,0.15381803200010033,134.78257136347835,0.9402738163092015,0.9522571101253816,0.9430377099838363,16,6,0.4206309523809524,keyboard
42.74,3.18,1.13,137.85,127.72477224032453,11.621949450054124,12.943660076279171,0.17488124659297508,127.41665678827921,0.9822649811803814,0.9530411539609761,0.8429942181847562,19,5,0.26766238095238093,keyboard
45.68,7.81,3.69,95.45,168.7586607733495,9.529797386959427,13.674798189442207,0.23200724865059613,113.29842262250551,0.5483887056906046,0.7686361486136198,0.8634992245063846,20,4,0.3913985714285714,keyboard
30.75,2.2,1.39,182.77,97.1572738006448,3.055403905562736,18.37501701229338,0.15969426423926936,111.79445790908655,0.714513906027659,0.8797832304723258,0.8911660582565364,20,3,0.39249761904761904,keyboard
39.56,6.17,2.53,89.82,122.48096187717799,4.49529358145522,20.37443539606679,0.18009966963031568,141.7649545736562,0.8251419604719197,0.9359957290938177,0.8296197683101891,13,6,0.3363923809523809,keyboard
46.11,9.38,4.09,83.57,90.83426240549892,7.701944539597764,25.469251994760445,0.1558247494898892,109.01744522278591,0.6514671576159651,0.9109975226311398,0.8012351845709376,10,4,0.4275471428571429,keyboard
33.49,3.02,3.06,154.74,143.5740264268449,4.744475753151501,8.816225386736418,0.23093751332634216,110.04446716987022,0.6215369926966514,0.763983064377073,0.9611880737657599,15,4,0.4016552380952382,keyboard
48.76,3.87,1.92,143.75,134.23459896654046,10.610085329074044,21.95018386416298,0.20717234188279,127.85662669177947,0.5247261151491841,0.9865826421219426,0.8810147394014076,18,7,0.2846471428571429,keyboard
38.99,5.2,2.28,138.72,145.61271093296028,12.676916930310345,22.712715246180757,0.1602551385221914,144.73902412606293,0.8722207384555845,1.0205981837659768,0.8117873268344385,9,1,0.38506952380952375,keyboard
42.08,3.99,3.68,138.85,177.72074469565524,7.9660087323739175,20.221962230180083,0.14543616421222466,102.42311786237207,0.7694875399811426,0.9122637662612334,0.8752522090655137,8,1,0.37044619047619043,keyboard
38.98,1.9,2.27,119.63,112.37939241481054,7.239276206773984,17.098137539885748,0.23819032822592429,117.59113467100151,0.8486353867997403,0.8329838361467827,0.9377177562199379,12,2,0.2540271428571429,keyboard
63.52,5.14,3.22,93.08,107.51661512103381,9.749909770426775,21.67769592100302,0.18957408962591596,117.14796199963396,0.8536042473085486,0.9061137256650649,0.8595892508926805,17,5,0.268,keyboard
44.87,2.88,3.05,122.27,85.22931176094164,5.221194084703086,14.587112359788893,0.18804373735256766,118.2604570534637,0.4418034754060445,0.8594408053709012,0.7226707650633916,13,7,0.27477285714285715,keyboard
34.42,5.95,2.35,99.69,157.44659033123853,8.740943573012908,26.096312795441754,0.2042515317539736,117.29396164679082,0.7398510967581187,0.7841428123769622,0.8727207388377342,21,2,0.37193952380952383,keyboard
53.23,3.16,5.14,149.25,83.07101698556727,5.622910415914616,21.186352461907976,0.15178535682254488,93.5721847490374,0.8627075279447203,0.8575958781615514,0.7144882169728406,8,2,0.3570738095238095,keyboard
32.79,8.1,3.63,115.59,64.4232127124242,10.90412563177145,30.009098012298416,0.13599466140781025,116.08447972266673,0.6129385930371406,0.7605366421888454,0.8762361075984579,8,7,0.5092909523809523,keyboard
47.09,3.43,0.97,95.24,141.31848127473282,9.024028327738387,28.97031811207754,0.13767078307755642,125.71217919791475,1.0337931029432343,0.7643769884139706,0.8336151298192516,10,2,0.1734742857142857,keyboard
25.4,4.36,3.19,110.36,128.8721700653609,7.11170685457248,20.96822414552632,0.20110470775987233,138.35206905659936,0.4405357192221271,0.9828879615360483,0.8582399072836978,20,3,0.42014285714285715,keyboard
31.72,6.63,2.34,132.39,126.46330782332554,9.577065461939089,23.414437911414346,0.16381903939698053,131.83219110691525,0.5814785500188546,1.0211624479541621,0.8390005554204091,18,6,0.4627538095238095,keyboard
46.97,2.54,3.85,103.09,127.33745552015563,5.140978601475892,12.726233083415512,0.20792224271661652,145.77130243407458,0.9259202003201861,0.9261628633018388,0.7699177208272727,10,4,0.24286333333333335,keyboard
52.38,5.45,2.21,95.33,110.73498945436114,9.736923628462574,18.46721775263547,0.20293833572042028,116.88912014648993,0.8531572519699944,1.0777711619336334,1.0443330951014695,17,2,0.25219285714285716,keyboard
46.71,7.61,2.89,127.31,87.99894879530896,12.887048201783127,9.539422946920276,0.26239960540235785,139.46429409583746,0.7590261666484627,0.9624932030413319,0.9524313435734847,21,4,0.4094614285714286,keyboard
43.84,1.79,3.5,127.35,184.60932599746553,7.8515748685483535,16.998403718321985,0.14847465092023154,67.25744880144211,0.7631607998579073,1.102103232072936,0.8098689747725066,21,3,0.2695766666666667,keyboard
41.99,5.37,3.87,104.79,118.72130718791823,7.729077461410625,18.921387831390263,0.2282142168482541,126.74015108020585,0.6528976980442964,0.8371087535946875,0.6285329445117661,9,1,0.3610480952380952,keyboard
30.21,5.52,1.8,105.87,188.86054459563243,8.252365355047354,22.555732142152948,0.22753487474938466,130.88513322576952,0.9873557005351108,0.9640385737181862,0.8276731594611362,14,3,0.37888523809523805,keyboard
37.8,6.56,2.67,126.96,80.83121457333189,7.722118152901772,21.416576173648995,0.21526186756476698,108.49764040443301,1.0549872175522508,0.9605534315371992,0.8926506470941824,19,7,0.42455238095238096,keyboard
40.39,2.53,2.53,76.56,94.7559244796273,9.833365102877464,19.015021215430217,0.23278840829792277,143.24099054238548,0.5365472057071639,0.8827304209153078,0.8172854747412209,19,2,0.2001123809523809,keyboard
55.57,2.36,2.35,77.78,133.82467042645146,4.670766596351979,8.970590494941275,0.23765411708936243,138.6427521299882,0.7908370525076592,0.976121584882182,0.6300443741931533,19,5,0.13424285714285714,keyboard
48.44,6.04,4.77,98.45,125.46876381696757,2.4522646737557086,22.807430437492286,0.1653616129136761,130.69025521909788,0.6472138489437738,0.9677474319173733,0.8187498787903914,11,4,0.3575957142857143,keyboard
27.37,5.59,3.4,113.6,57.54759786072238,13.132897007553858,17.677115381038448,0.18743318147581547,152.63092551914647,0.9534101165139592,0.9378762184915952,0.8171734352700115,18,2,0.4566228571428571,keyboard
48.24,5.5,1.74,129.33,96.20416859790697,6.536303879036976,15.9409607586142,0.15692182669024002,131.39338510967428,0.37659321633549636,0.9388902725047998,0.6374843130920651,9,6,0.30749095238095236,keyboard
41.15,5.69,3.92,164.26,97.62194322320526,11.439372163350523,14.499192252780116,0.1702817351623253,132.84764248036237,0.9370017676119904,0.681683250987611,0.9035703267032995,8,2,0.4762333333333333,keyboard
38.23,3.64,5.12,145.73,168.6944609257225,5.392009819033736,18.7485339467847,0.25370733086382735,128.0907697182131,0.6448148995404593,0.8724209739751246,0.9837156908501404,21,3,0.4356557142857143,keyboard
51.12,5.46,4.03,115.2,110.2972069489482,6.2835805550799355,22.06581862906765,0.24101213375019886,122.30934441637652,0.6801050173328351,1.050417899544381,0.9776289138804299,13,6,0.3376095238095238,keyboard
55.31,5.59,1.48,119.43,152.69990259321142,6.69062713401304,13.830884368775155,0.19804698333825083,118.41204996960897,1.1687130879727758,1.0148896973169694,0.9379145222772637,10,3,0.275702380952381,keyboard
54.31,3.57,2.52,89.92,148.13476580750012,7.707792125252304,12.168218117968628,0.2368070981609126,100.00987420877347,0.8000937428365271,0.6673739898256905,0.9366821914724875,10,4,0.19563333333333333,keyboard
36.61,8.73,4.27,119.44,123.11699568523048,6.936597743735042,14.160985707856247,0.22207048971000842,125.97525802009946,0.9200727559793839,0.8848305836608469,0.9806162881592386,13,2,0.5299733333333333,keyboard
41.91,5.95,2.29,111.34,134.24792010300524,3.383112674714962,19.248311358857375,0.21299863264755367,128.53708915614405,0.6948413437185117,0.7299595665833852,0.6711847138204234,15,4,0.3447019047619048,keyboard
48.31,2.62,3.44,129.68,124.20480185115308,8.586626008273017,14.713273115093614,0.14321333536564898,100.32709785134254,0.5533852265836149,1.0286617597835677,0.8429608836765389,20,6,0.26982571428571434,keyboard
54.76,6.31,3.77,95.18,68.41415375168812,11.01772472073461,22.774418284233892,0.2193817555803428,150.9950145465705,1.1165001358708013,0.8281550114366992,0.880417327900834,17,2,0.3223142857142857,keyboard
40.21,3.05,2.07,135.58,131.24157710466235,11.261299018402148,14.160912110526134,0.20265537218477997,134.2217889442798,0.7401322186753514,0.9980024363980481,0.818120413371445,13,4,0.3020161904761905,keyboard
43.14,6.57,2.94,165.98,124.25250299731408,13.740632278732454,19.489651058246512,0.2364744076367231,140.50551313654586,1.1170042970635659,0.9926166131359307,0.6776092077179123,19,1,0.46556,keyboard
33.94,7.32,0.0,116.74,149.14322954159897,7.149059125591604,19.178881527746036,0.2709100385600955,129.45205341181935,0.9109379000100265,1.004475549686114,0.9828597302243175,12,1,0.3771933333333334,keyboard
33.04,3.36,1.98,132.05,119.70626582270685,12.622960778025751,15.415186413555372,0.18081651484400124,152.19332128501424,0.7330478818155268,0.8728677091621944,0.8772580152072476,10,5,0.34588142857142856,keyboard
53.13,6.93,2.75,140.7,116.54438103459916,13.853460900152216,16.451193003328374,0.19135574005812245,125.61186093655256,0.8580356069597697,0.8842406119555182,0.8220892361097631,15,7,0.3876380952380952,keyboard
58.56,5.83,1.75,107.96,118.917986212884,9.267280850885452,17.051206844022722,0.18015152076062357,120.53934542840508,0.8824212305723775,0.8568721861083413,0.8036422137248456,20,4,0.27149999999999996,keyboard
44.28,6.64,4.63,126.72,104.57985487997989,10.028703077368117,20.180067874231312,0.23590254169963354,117.05196699508905,0.7530151760753218,0.840721790874222,0.8958823190564544,10,5,0.44367238095238093,keyboard
55.04,8.79,1.57,120.38,131.27808705969653,8.13710876470699,34.0178423599467,0.2438600205953288,144.8497960855527,0.9445326464507654,0.8018967324398679,0.8799708831240477,18,1,0.3758571428571428,keyboard
48.62,4.51,2.56,122.93,111.69080393033138,6.774601186218131,14.905816713791364,0.20756425846780246,136.5418848902407,0.7849351129505007,1.0696157451053732,0.8585986343598698,10,4,0.28827285714285716,keyboard
38.55,3.49,3.13,96.81,148.77883695826253,10.308455553074488,28.96317181511356,0.14444103729441837,117.15410206562107,0.9174107850269645,0.9444786494594083,0.7189529625526512,21,5,0.2908452380952381,keyboard
48.61,3.22,4.44,120.74,131.53057600328333,9.944468909114235,18.383093626287693,0.17996932151679979,119.86189535093382,0.6641060189615883,1.1778285400969217,0.7634331987164681,12,7,0.2996971428571429,keyboard
60.38,3.37,1.56,134.94,153.87882301343905,10.650927576923952,21.31609763627676,0.1642335204401924,151.80572533922364,0.9147733831712757,1.0014628973783992,0.7317109647465918,12,1,0.23723809523809525,keyboard
44.64,4.85,4.16,163.53,106.8652496128118,4.97009939929589,14.439957291305328,0.1642698993024008,108.33213536032669,0.8312694484161762,0.891646220172362,0.9323008748671188,19,7,0.4357338095238096,keyboard
60.65,5.68,3.01,148.78,98.48585780231222,7.286682308944366,14.156759515545787,0.25103029837598984,123.68959813991562,0.7205412675368553,0.969653460804173,0.8815504671750088,16,2,0.3710333333333333,keyboard
18.8,5.55,2.02,184.6,117.86333247564338,2.772952383723296,11.386677398225464,0.20569600423324863,109.34013096501344,0.6153961197650796,1.0197153536025074,0.8154822716219643,17,5,0.5857476190476191,keyboard
53.22,6.65,3.46,96.98,106.76800108020981,7.300138757198637,20.46795315003107,0.19708431134713,139.49887332489857,1.0506827380704342,0.8578391853168389,0.8493767767266861,18,6,0.32665714285714287,keyboard
45.87,5.03,3.2,146.17,150.31392130571732,5.187445402153872,12.72002333004538,0.27193076024781004,143.20865319363003,0.5674040968896589,1.0478776971863835,0.847290625728584,16,5,0.37739190476190476,keyboard
42.01,7.91,2.4,125.5,179.53036039570875,8.553636715821204,17.353383413294956,0.09672476434262045,150.9337667288974,0.8528644936973153,0.9393525452782674,0.921897994926579,17,6,0.429644761904762,keyboard
45.92,4.47,3.07,185.69,147.64924251373097,9.152738549832673,22.392207722870374,0.08688891474903743,141.7150430534802,0.6942966268241655,0.9403941725378333,0.8396673847613247,17,1,0.4224442857142857,keyboard
25.12,10.44,2.61,95.75,159.14684978274647,6.586942770374469,13.074464694504364,0.19635113060161308,117.6869715140812,0.6263773977862284,0.8687709815772283,0.9924016236443762,11,6,0.5501014285714286,keyboard
42.8,6.25,3.11,94.81,142.58441845576655,11.61892384476219,20.86383475345649,0.1481354644820238,127.20729332203791,0.6157113039452385,0.9712187823091927,0.9024864785798631,13,5,0.3442404761904762,keyboard
48.57,3.29,3.66,102.02,116.60409360701404,6.4793202336221505,27.001293108952154,0.1311712869176262,99.84310809495037,0.4907268971031165,0.8314490646886616,0.909560646318009,11,1,0.2485514285714286,keyboard
59.78,2.86,4.59,56.28,92.80902988711102,11.939356495266523,12.627037937327035,0.18703808122397106,165.05846960396596,0.47947927173275273,0.9192192206331004,0.9292104229250626,20,4,0.1774095238095238,keyboard
39.82,5.96,1.76,104.23,97.85402247615957,2.7657533256641162,24.37539167694993,0.20293889367179946,152.34814486524465,0.8313382551598537,0.971443715571191,0.7841239836821448,18,6,0.3305490476190476,keyboard
36.92,4.55,5.13,97.23,97.36383483672645,4.934933835440464,20.228704810340517,0.17768421073153368,112.13495134212609,0.6738052387405897,0.8274974593371431,0.7268878097266597,14,6,0.3902680952380952,keyboard
39.98,6.43,1.05,124.51,99.99929191388821,9.162238996351043,23.07650699869054,0.23575831432730004,111.31241330833628,0.7539958078880642,1.0053549879369965,0.7366522668881293,21,1,0.35720333333333343,keyboard
54.15,5.95,2.85,130.25,119.53727645240657,8.151825674787835,21.266396173553517,0.16147301415304655,98.7241779730139,0.898982353261242,0.8338382014684351,0.9417864407768382,10,3,0.3436785714285714,keyboard
48.29,4.85,3.59,176.29,185.45285766988508,9.926920523606388,20.438503522284265,0.2101222780338063,93.98817159936246,1.0784003743917028,0.8266397522941509,0.8261420989813361,11,5,0.41881476190476186,keyboard
39.7,3.31,3.28,148.51,149.70077573698532,8.175763407716973,19.503474927781788,0.20026881903424343,89.68540909392212,0.43438613080680044,0.9868243770366764,0.7343300717073609,9,7,0.36899761904761896,keyboard
50.13,1.97,2.38,102.69,122.663171067992,6.244987629012152,21.391872353779725,0.18057836438716368,127.61619352846546,1.0697177132738165,0.8884480051038257,0.5843138824525733,20,5,0.16491666666666666,keyboard
45.97,4.11,2.79,93.05,103.157905623954,10.14116391298252,19.964851107068156,0.19615498016866523,89.13783035386548,0.7597250373491439,0.8483235902986965,0.8080749936421135,16,4,0.24894428571428573,keyboard
54.69,6.71,2.51,134.76,65.40221567524296,11.925752754868931,15.775795907239631,0.2179109132462242,112.51096147943625,0.8222771273845412,0.8653581831373208,0.7068219443870094,13,2,0.36428095238095237,keyboard
37.98,5.43,2.41,80.39,78.5213449680716,8.472176569722366,15.286431845582708,0.17890381449876255,132.93719264491654,0.4433648750776798,0.9575818087269331,0.8616954506627192,21,3,0.30452714285714283,keyboard
41.72,2.51,3.85,174.94,121.71398766354922,9.65195494496718,20.213011130516136,0.13563227107229725,147.6997896552433,0.9288346403969143,0.7575553398184861,0.9339469969554163,12,1,0.39321333333333336,keyboard
41.08,5.35,3.36,155.38,122.6568405112106,11.741148710813384,20.10304424634378,0.2898355312364572,140.534593618609,0.3957872312585902,0.8775271773349119,0.9160135459958706,8,2,0.43565333333333334,keyboard
30.36,5.77,2.31,105.92,90.47354463015901,4.269429979121184,16.098059192236825,0.15195275547430698,99.40011001637609,0.8139622603023082,0.883152789485462,0.8246567216015079,14,3,0.40014,keyboard
47.96,3.23,3.9,68.61,160.86192595830028,9.13777531892671,20.276806157846046,0.22378168939942195,108.50351492332159,0.7450677971017179,0.8477150310850411,0.9586953138774789,19,2,0.2015852380952381,keyboard
47.61,5.31,3.31,160.62,120.81442459146609,6.961974636864233,4.6490090473840695,0.19344126926285202,138.37488739938348,0.6575301482594699,0.8898401015230428,1.0077204684578644,11,5,0.40257809523809523,keyboard
45.05,5.12,3.81,116.56,89.15768375715379,7.4739765258489275,20.814653622018543,0.24733387999886752,95.51139198590333,1.0014742191045582,0.9073618008551144,1.029016607283273,15,2,0.35309047619047623,keyboard
42.65,2.71,3.63,157.13,118.58224295972732,9.833827781599386,20.37679399436844,0.21778514238001112,145.1894091445252,0.8725626839283592,0.8311509747359351,0.6785478936233148,18,5,0.3576642857142857,keyboard
43.871892146992735,8.831385048811951,3.242746260133626,138.94006528079788,85.95577940065957,7.180850697654965,9.624185333112877,0.2056252253499336,165.16247238964323,0.7245455875840664,0.8927265865249123,0.8949212117850087,10,5,0.3660265128884055,mouse
39.23660919565627,1.0516968655068424,1.9600398770737255,129.67769798535403,98.21936435162544,6.984224082456019,23.557720916592345,0.2014155963861918,114.49594450243707,0.7575718169679981,1.0256221951753606,0.8204197708524219,9,7,0.38247731369614346,mouse
54.81337020946077,4.092784448438612,4.111182808567233,109.30714700222045,105.11261702960249,6.78464653838015,15.20720014114453,0.12059600316394235,128.75599513657855,0.5106863619266088,0.9260064554436845,0.9878636598890038,21,4,0.4405044566580624,mouse
58.54377667223229,4.445535346381353,1.7435048567470428,132.37982600497605,101.87849254574897,8.183339508388485,11.714312558185915,0.14915341921442965,111.87664481993647,1.1252660690167011,0.9645696796602687,0.858357012626014,8,5,0.3393014800945194,mouse
39.77911557316517,6.524102565920815,3.2415958344348788,149.06796721286824,106.56088689713069,7.988346682276215,18.107119025919108,0.18332327687060626,108.30111448262457,1.3827981843271835,0.756220703594386,1.0369330210242318,13,3,0.2821037303176669,mouse
37.89272270832432,2.725178981358106,1.4099265910515892,106.36749871559446,129.8026341546527,11.32505233009362,22.99448753900186,0.23450421350643375,170.18378675907758,0.6791447825786333,0.9054270134832649,0.8582099711737684,10,3,0.28868945282892455,mouse
26.509789299080456,1.5819432301090188,2.4479102318676023,127.19830628887324,145.26848475849462,10.00596142127215,19.976535480233228,0.1602069580758399,136.66756564647102,0.7107433154916007,1.020916215727452,0.8494187704270567,8,7,0.4237745478986496,mouse
42.48097042129032,4.14224038002831,3.26175569548666,122.56382885351948,125.76732681992199,9.269577759626237,17.693260574739526,0.18128178298027536,119.67637264425854,0.9777076678631607,0.8242258320832082,0.738738464802057,21,2,0.3186671470280287,mouse
58.37025486413577,4.880329842405938,4.423823366387551,112.11815004534772,127.80642507173974,8.838079038881299,23.267935992864057,0.12587505411743816,102.86293063155844,0.7034978873685811,0.9212869586800467,0.8581679387816705,11,7,0.446338380455336,mouse
48.19307093985107,3.4918008341215603,1.5888107011749693,126.30960888717448,147.41416476946267,10.833764751065095,16.48802620902932,0.2573866560858492,120.89816671263392,1.0176927440011991,0.8055029239378922,0.9948246473306435,20,6,0.28725699686341655,mouse
37.44353853670193,2.6079347003830198,2.1355750368062396,122.09706437700375,95.91927670821309,8.384879125607243,26.09032385655673,0.2503033833060461,110.58942804936979,0.785591132491649,0.9352041610329087,0.9185329038380351,16,1,0.34394210362714,mouse
41.12772008952723,3.5390192931727498,3.2417777532369896,101.24360968327952,107.71056087835515,8.280900963872037,26.95726551868428,0.1656111959285323,128.86680697080223,0.856879565742251,0.8614631659170694,0.8037050426841796,20,5,0.364082033399559,mouse
50.56076785522977,3.8333182643049253,1.8393386708436803,129.2071693075716,91.95444224373766,7.042467345274362,17.482769358889115,0.20075469152580852,119.77151082637586,0.4631210501037757,0.9647231780650651,0.8201563115931163,11,1,0.42570542171882464,mouse
50.32573460516718,4.7290983941929525,3.8402514319791057,126.28945305856148,100.58621854781148,8.822380031951301,17.697390487863604,0.21305622230898644,109.85306754092528,0.8091037903589221,0.9103306400607936,0.9006859968939764,16,1,0.3939130747223041,mouse
26.455845410848514,8.041221131883837,3.733095771947576,110.71053532278675,101.68644538125771,7.602059777479478,21.534512955784876,0.2870041668318975,134.29107736048823,0.8286083714453956,0.9573943599219621,0.9115229003790786,19,2,0.33045948174618855,mouse
48.28220016709059,5.294585607386734,3.4357743212516594,136.03020768289332,100.73523964938084,10.045688725453688,15.57704063182003,0.18064458545338058,115.99835975108041,0.6704513203290198,0.912322725446751,0.7068527457802461,19,7,0.3870061640519553,mouse
27.207697966343922,8.090049124928226,3.203486325171883,136.63563722043716,88.42397784922538,8.013546471072322,12.320170097703192,0.24695875775952242,134.9021817488702,0.9650806045431524,0.9361350695313744,1.0032317345517248,14,6,0.3343011620949433,mouse
60.86924477826758,6.724521010119525,5.336321492276102,108.26307180786287,117.47512898201708,7.9395610050079455,15.293844891816821,0.2897385766832377,95.707436172037,0.9145724348067428,0.7844952242826997,0.5710545883329354,19,1,0.3225671545606422,mouse
63.552346626666896,3.455820432028265,2.262880724581275,93.5844332891408,108.83214279177469,8.56452190453899,18.02519419361217,0.22164837779201002,119.59737766568065,1.139817403388283,0.9184001979351034,0.943193312399456,10,5,0.4398030959841939,mouse
43.75179814873478,1.6524731924278466,3.8961805365813404,97.84984295269476,84.0734076245968,9.118888526494207,23.80889373596247,0.12759064260446343,98.18436636120435,0.7147915771937965,0.9627144379263762,1.029578433534137,15,7,0.45187836318720837,mouse
26.437559730096133,9.977078711645916,3.4500862809680006,79.97036026737105,108.03251175549731,7.47268883245915,21.147235855768614,0.11781226623544189,134.67392842617596,0.9826072402030435,0.9596042053421799,0.8279398812583921,20,2,0.3742949801438996,mouse
46.67041744780671,5.571409524704841,1.755540592721724,130.2740807114768,102.82441284669765,7.654925728842168,16.851269424558886,0.18731024711123928,112.46116351907044,0.9236397915310576,1.0144775316494161,0.9639144995352753,10,4,0.3733316904419416,mouse
17.280214518654297,1.2081198610228614,3.898518217670788,118.39069548926946,114.32690853238634,7.803992412599174,29.79363521322327,0.26038773228294465,104.92273254372401,0.5484617410888677,1.0251235308681736,0.9028564117953252,15,3,0.3107301075094138,mouse
60.776905230462134,3.2845475691439416,3.992446450918068,110.4350204269965,92.3227351970758,8.551729472667041,19.66003481347295,0.14260667963014176,82.84535315004968,0.6941195798133821,1.0257474839272556,0.8373712925176373,17,1,0.4078860974647451,mouse
48.590930692621754,6.612982895891987,3.2805839218221284,162.79183627297283,101.32777156452792,9.07528715249426,15.115284243441835,0.19886711353035533,101.00305401718863,0.802002684808748,0.9789539484038362,0.8398209109611993,11,4,0.43619603703324866,mouse
21.500797273978215,1.504196097951378,3.828818880841503,70.82239907769417,86.12590200899588,9.59708596227428,22.815129457325618,0.34410725482063553,132.15925954016765,1.0875792285157386,0.8778197014290731,0.8875583251222505,15,3,0.38386098307648914,mouse
42.861080507519645,8.85933118740081,3.214156088431382,89.4304503195124,121.84080825368524,10.41676849565683,14.234045698366973,0.21972150114587424,126.70502002138896,0.9175463079616799,0.8166753247728784,0.7843150089378997,12,1,0.40327706261439183,mouse
43.567646796246834,5.050958692978653,4.205269404894484,104.50506549213802,104.30257456571336,8.111710681495305,25.99876223630568,0.16369052601268927,148.15175576923693,0.8733517190542307,0.8206430904748303,0.9334681959832918,17,6,0.37026858481176456,mouse
24.403058125494557,5.950385575811045,5.190792357373175,132.70389528038066,98.83517205755933,10.007001950447835,20.097058934814523,0.2554620758677892,101.55773815203943,0.5304984206215508,1.069730814072632,0.7836038505362035,12,6,0.37760350370403617,mouse
45.96314877280901,3.4129455013941365,3.060734429094634,126.5042706272004,80.36573303434855,10.680465772770544,22.110497345181027,0.17233645707601503,80.8848197240152,1.0089286401940352,1.0163687033915947,0.7873550242392371,17,1,0.30782156704487323,mouse
39.423720501403594,2.698634314448214,3.569455713841222,88.32618959671294,127.400717724401,7.506824761130408,7.875922359571668,0.1747487354186277,101.96103333585145,0.8481687878918778,0.7868886457551267,0.8382158577508296,10,1,0.3513255962675952,mouse
38.41898431591908,4.211891937655427,3.3667252906758516,94.91649360829776,130.433700642634,6.193010210014977,27.05556379868412,0.16645458437388796,120.11335438618961,0.5706151579633255,1.0093812200166357,0.9425066227613614,18,5,0.31124264824225206,mouse
59.703442250736785,5.513417646615027,3.594959701233294,152.69732057243675,119.96874161396059,6.980963711124288,18.30676057946268,0.203216282871827,129.91665273384805,0.5800245438840173,0.7710995946673561,0.7236073558033537,10,7,0.35744591050347735,mouse
41.25923378019637,7.9804104297415215,1.0030267467596612,106.47353947205455,123.14350645387476,7.2108100439612475,24.438737948502634,0.24675730766028858,122.01941424945487,1.0312284388621942,0.9514216522380249,0.7217771141771651,17,5,0.34428782237675004,mouse
58.0648804571044,3.528950508875696,1.3925910714980478,124.04714010118155,111.65560293789179,6.764151242895128,13.58895018396462,0.24452874772202188,132.44774817035722,0.8646809632213818,0.9407781908237278,0.7996962133164608,12,5,0.35552013452731507,mouse
51.517672463234334,3.664023968343364,3.3212250380848545,125.10661796507003,144.73904213565697,7.507264586129823,21.842704245398227,0.0868509165442698,124.18755026722037,0.7087538245687347,1.08751965932914,0.7694614127027964,19,1,0.49007375166069356,mouse
33.205676130214556,2.0105983993276566,4.217267599366016,121.81767664179623,156.50580508973522,5.275263158496099,22.308375367966526,0.20690118854563352,117.12616093570146,0.797058591844192,0.8337023710598438,0.9429122674438106,20,7,0.40839639765592395,mouse
39.49465850805782,5.057851389837536,4.130723280171088,109.43557171071201,150.51453127752956,6.603802910751469,25.13889685758768,0.12399325566174645,126.2621000747844,0.44081168663199555,0.8462161113535069,0.7111413804488671,20,1,0.4155291865282829,mouse
49.16241701379743,2.833924209996362,3.630598511959243,117.19762384831932,155.19828941363593,6.484375010318818,16.615169835653543,0.22956100711948774,123.98676071002112,0.7527872169477542,0.8838269561934764,0.6515726625037427,14,2,0.42539542268304437,mouse
53.405389172212026,4.0991314699611525,2.0387011860066027,123.72206543982621,145.94105317042755,7.86711378218326,17.51181107616516,0.29602151632088813,152.12195168679008,0.49321639821611507,0.9642467618018539,0.9175582476103914,9,1,0.4071129732595546,mouse
60.230799498259614,5.539330631212053,5.624328896524638,98.35965819960644,107.22296150975357,6.150855275774671,24.869147366139394,0.18818838719641123,102.04040576593158,0.8043117099979673,0.8250531581745054,0.7776821587030542,18,2,0.4042019626229627,mouse
47.79423569496691,2.8047702578909144,3.376847202450565,107.27815405169616,109.48918382389895,6.958442048762157,19.987766704805743,0.2638607332527268,90.47612480924293,0.6340870306087425,0.8216947203055579,0.8238841923930885,16,3,0.39687592761444845,mouse
48.71531372578809,4.548665659961568,3.2525994329224956,137.4640288849695,98.61195894709803,5.280973189774311,16.540726065241333,0.2028503094374398,121.4570407774469,1.0980355941719817,1.0376137609420721,0.8683551830299162,17,7,0.4743166649847115,mouse
43.94952272908612,7.327834848764034,4.879919901085825,124.01293327228151,113.75639592269347,5.46149154753096,27.196131294315087,0.2053197527070696,123.72128824193513,0.6973391120222452,0.8909651462462999,0.6034576359072621,16,1,0.40213008536174216,mouse
51.73250004009744,5.444394352357582,3.033130904756505,165.98056397787005,117.66016706557839,4.615950692522986,20.387786623868106,0.14646704530761526,151.88510293861165,0.8043012025735551,0.7908837988727291,0.8811881602035928,21,4,0.43626919562839284,mouse
31.958368139401028,4.849848968245766,1.6598038902693786,126.00117596818093,135.22755905703133,6.911338929609715,9.11876274975392,0.15134302566410626,147.0187860205637,1.0644456481280118,0.9050998859586818,0.9537955839169745,10,3,0.6041188172219838,mouse
57.0941644855794,3.5508351547517494,2.9501462476979743,121.50271836432857,113.27405178431448,6.200318188578318,25.064329325174338,0.14957987041437243,118.59577132845544,0.924589139541729,0.8969711143667988,0.9435412011268324,9,6,0.4150161223164134,mouse
38.51595742754404,6.645300253781409,3.480464261452923,129.769931985605,102.92085954948524,6.137266169954462,21.01464984781063,0.2453920506899881,147.27457088357508,0.9174143872714953,0.9517886089983105,0.892139243561989,21,4,0.6046790515043856,mouse
49.722520337911355,4.502592965729222,2.2669499386967056,136.34059074601038,118.49627144891038,5.81151949451237,22.24637815545863,0.22526314261564137,125.19065160347482,0.6936173258065111,0.971927366520313,0.82457104614987,20,2,0.5401293187363755,mouse
27.36786849265942,1.413333481378908,4.851285330980113,120.94929467727702,123.22964636315966,4.934349924700667,20.02133299363096,0.1542543352500766,126.98710219529792,0.15844355443972802,0.9195060231452026,0.9133076873407834,10,3,0.4861203351813352,mouse
31.384416725292162,0.8970085470083831,5.816713935771829,147.6342699290186,92.65953293645273,8.374796533368517,31.734936645759756,0.14700872585062275,149.7317831674526,0.8572424184552018,1.0822619185493596,0.8405973506065946,11,6,0.6107513758853125,mouse
54.43320288452685,3.005919580614509,4.011830366979819,118.6872602180778,93.33099448384205,7.339988354455685,16.797410007788454,0.1643589046950444,117.23518538956156,0.9636643160107266,0.9756903945915528,0.7662140607377139,15,2,0.5657159859822889,mouse
37.21703988138572,6.521113557003126,3.1387346433647045,128.19668954815793,96.98287020902136,8.097813618958975,21.935205265156913,0.25987783002648623,123.93108635728444,1.2489140171229358,0.9902004917630903,0.9678831242906871,17,1,0.5543791067122468,mouse
51.71355727294052,2.4860062775650036,4.097949305121793,105.40568256324613,96.48503422947174,7.590033149664885,20.540535928196313,0.21047584924188684,145.82464698012845,0.9754326205282369,0.9776308341862936,0.7471608716030256,19,7,0.592300458469483,mouse
37.48277605101281,2.8160197195222727,3.57126470709257,139.2800762706171,90.19341501242208,8.902707922143447,25.31551666696747,0.1925066958738294,98.65543684267682,0.4533396183545848,0.8288003781806241,0.61937966061669,21,2,0.5412284476639223,mouse
45.95921975038432,5.0375957927402375,2.5001506758191807,101.6428472652787,186.3368614763137,8.231402329086539,16.740888266164404,0.18053771502428606,140.95286698178785,0.7432947042284758,1.068907647394443,0.9410829230222396,20,6,0.2714404563405783,mouse
47.541839220054214,2.732883696262483,2.3093629526956483,125.92413472629833,184.54396196078898,6.807211791002754,12.40066193073915,0.21034294101376633,139.02683869887824,0.9350653213399621,0.9002658021419387,0.8204941699775558,10,2,0.2682900095883236,mouse
38.92785662640942,4.0694344560941955,3.642269781521337,92.1391388546925,177.13669439404245,6.622165141232978,25.449264599299454,0.24175213189582007,136.11852758454106,0.8573397993405254,0.9475774987357232,0.7861902483702119,19,2,0.344048874915587,mouse
44.76780483482453,2.6831688072653885,2.7727035216215787,129.09715128994654,178.38472806886426,6.649949027025979,22.79400337171598,0.20816388476305842,122.94710243858475,0.8074928724017443,1.010732069482809,0.704848708666202,14,5,0.2967848897081907,mouse
46.55745238685264,6.066912861149733,3.168097148629596,126.00614535961292,164.02282860063406,4.529647655760811,19.700658158298445,0.21203895281492316,135.15481098420494,0.7788532199546581,0.8508337198524054,0.6962911435970726,19,1,0.36622166244310095,mouse
46.985479888841674,3.964830605065193,5.103821852488432,177.9613950551526,199.3429224267507,15.189621505945436,22.4834136955532,0.1748644994595378,129.9112413229006,0.7329266492332576,0.9463757423610191,0.7381874995422745,13,5,0.9905474929707095,mouse
48.09738017321027,6.2918047038836145,4.12223769159593,109.58606765073193,174.4292957134914,14.398195053873188,26.47974003015274,0.22902425183501227,141.30315412333948,0.49295654846283116,0.8815363406201769,0.9287833600013011,17,4,1.0,mouse
46.76115440640928,8.078509861742507,3.8542909291518592,123.77124572830155,203.0512629991256,15.59989482227152,17.68484692529165,0.19305177127867706,143.50048598127313,0.5925441604345588,0.7016568452811266,0.9638131937497341,14,7,1.0,mouse
33.92067847206009,2.8063474622844513,2.9863027215915436,123.95734267701827,192.19266869906664,15.682889949866416,24.804579390226465,0.17689052076275785,92.12014427050792,0.5680183200568386,0.853848176149404,0.830416264179353,13,1,0.9746169494229573,mouse
47.78828811860668,5.317518078027232,2.9631675753440345,109.61770192647896,205.64766118928094,14.883764741175673,26.970923909107903,0.21891419217657213,113.69090188825946,0.658155151918348,0.9673986716620583,0.7616577892617785,15,7,1.0,mouse
49.60731597738053,5.242874246916149,2.4439021291685403,76.07616086115405,112.01258423108928,12.805053831458816,12.499174780807994,0.20469555223509747,106.9038644205073,0.4833314398347743,1.1123921482664612,0.8806967561222745,19,6,0.8793758374272435,mouse
40.14294737404749,6.109649122425715,2.111911927306072,117.36664092456179,126.93439725518904,13.6990468786385,21.72438426140783,0.20452729046725207,114.0778985276518,0.7497530472072274,0.9799130952917583,0.7298343837615249,19,5,0.808740562200423,mouse
44.38985877172354,4.311468120670877,2.736543201424589,106.322702614389,108.5686362007993,13.490614811282633,28.36638532634033,0.206569438663366,103.38162036590731,0.8588010372301175,0.9846032932799452,0.846971443245105,21,7,0.7875794845451213,mouse
49.9577137621221,8.282245325635904,2.892492412331432,132.12304495089762,121.85280766609453,12.485878623021815,14.594454505814586,0.12419137463988306,123.96559060977548,0.4187143912671887,0.937979276094127,0.7682460163857804,10,6,0.8071104135705687,mouse
30.836035724158485,7.212960383249785,2.3527180293353167,117.13270049799287,103.09815175033526,14.126930375042045,12.234817929793762,0.17377603652870777,63.995366613758875,1.0128580399175757,1.043137569952116,0.9510355933677217,12,7,0.8078651319106623,mouse
35.629705311640095,3.8668196207323415,3.5622948086343724,125.5926203434202,238.80655512583496,14.276524585186829,12.163475959810365,0.2127039292688869,102.09228717065682,0.6371022708797378,0.8329408382896317,0.9517475378920571,12,7,0.8238288596136526,mouse
41.70602703846075,3.754228101041277,3.0612282789230716,138.5583002473689,224.34068385766562,14.120055937763347,18.553897322064998,0.1014852079034676,109.64265855222041,0.9219860492255703,0.8763087391181613,0.9495955846741087,20,5,0.850576664406829,mouse
53.78419180563334,6.164599500060575,1.5495555557016765,97.25492503412615,235.6746694585475,14.609323248749362,27.44564337484038,0.21290293794928647,104.55051084685446,1.0422071029654505,0.951285815047511,0.8581707212212237,18,7,0.8561991912922475,mouse
49.68056435827219,6.662794668802371,2.9398546927843388,131.88004132106343,225.66683480220902,14.5306939220294,23.377271376175003,0.30664133947365,119.48847293491616,1.0789731260899038,0.9638465723104304,1.0147900436712016,12,2,0.9440154437395086,mouse
36.92259402282117,3.0054546044795067,3.0403245739079137,96.06046190155442,228.4961594023183,13.503057143270171,16.211830079939972,0.22129626639546313,88.89152717472763,0.6167700697449436,0.8338972699628305,0.7909455216558365,11,6,0.8384985262665695,mouse
49.62689538320771,4.164190802579803,4.7578001594579,123.38370439831584,188.50837293126722,15.099031276175829,24.17206392658896,0.24920860475808557,147.3215461327524,0.8937626554987127,0.9456263254253109,0.7220658787479961,11,3,0.8697750398664913,mouse
57.42014952473774,4.989318228472067,2.327885940937918,115.82120283648695,177.19972717725722,16.014189089248827,20.410694461417147,0.3611740943953461,116.89363653189007,0.7013718479739214,0.8789110934262448,0.893999065236303,13,7,0.9238400495031027,mouse
38.165038235655466,5.67431883779048,2.941956552344846,108.62912122409992,179.87674971969784,17.418921056670076,17.080732415640085,0.19193583725736274,95.54323636384788,1.0015273793597435,0.9640378422913995,0.7205160160604536,11,3,0.8112382824811425,mouse
56.63401610473694,4.630540244061837,4.188746212852211,120.36143226054884,184.61477601689793,17.048503774871843,23.74461659403912,0.18292898253653211,84.85585980029171,0.8432889628490325,0.9460254282061665,0.91705203852397,16,3,0.8619817936540759,mouse
36.6998898124759,5.779106123666285,3.1733822522609976,124.84116192917591,180.26955322463732,18.249354769673193,19.463661598923288,0.20867364558880688,114.36540747313131,0.7076523429014334,0.845696383246445,0.9134884409900231,14,1,0.8779845381416707,mouse
50.31127284712166,2.70706319957382,1.2714079291902622,146.13683482213443,129.65179158786964,7.612488537301297,16.183316274161484,0.23030987665629593,92.6642763234222,0.7187024745385507,0.8553323370735952,0.7780269491685454,19,3,0.9244404134367591,mouse
31.183361912133734,6.2248971938225415,1.9757155736985559,131.22537161235581,144.27322654417554,7.304552469927258,22.35188782505022,0.16025740144763684,125.09607612187055,0.8817151871153835,0.7510947403560799,0.7102179797689716,18,1,0.9379213703169762,mouse
41.1269876504382,5.705717558023508,2.0475499266073944,109.83740798099875,138.8294056766081,6.162683987963127,26.54527860358592,0.2205605714145367,112.57029436532211,0.912390485972512,0.8522031311574774,0.9160754757492178,21,5,0.8870155787050299,mouse
42.66605543198871,2.8797873500882836,2.5292669576332965,118.6733403233025,149.35702027979755,8.23695560927678,8.65074570890143,0.08327161289266437,89.29882248253551,1.0065076173514549,1.2369267926951577,0.9215311551430503,16,4,0.90321814762942,mouse
32.890312239498115,2.1074137003293147,1.9452508054589317,139.48903827280606,140.30111122389417,6.875986867379309,18.000580306606746,0.23915295925897226,142.28456514503355,0.8262118450390363,0.9497317671897852,0.9256168396027289,9,3,0.8497867738977231,mouse
31.065958078878452,4.808486640798486,3.285833555203139,84.6310928516895,192.2358045573862,17.693600020786143,18.36025368243462,0.16584110366378924,125.68268693736364,0.9737361796614431,0.891007644438991,0.8774120568053132,9,3,0.8524199767626778,mouse
45.81549102038859,6.395767061268689,1.8045462686450267,110.70815914912669,195.91599751500476,18.29942774096113,8.737823247833099,0.19144377367131563,95.40547252549497,0.634373645213577,1.0528667107149055,0.8499144184580065,19,4,0.9054710289563108,mouse
55.2548955381132,7.328274372460445,2.5151449250050746,87.35597719573553,208.79600387389536,18.06747602413918,15.326949850857094,0.21565222189945055,126.11664781259763,0.5499800790396188,0.9426273870102363,0.8334513810524079,11,5,0.8028297856785241,mouse
49.20789086211555,4.5778505137425345,4.157609238239936,117.98624699213507,199.89974292904293,17.791060363804213,30.040294520232028,0.19878545522042257,132.7156372126455,0.44085590699901095,0.8361346169151889,0.9701766952930877,10,3,0.819851569482272,mouse
52.99514027565753,-0.04520622409506991,1.258096838752497,120.56570595790123,199.29010831788375,16.552989555852307,21.670967792091744,0.30451282247521444,124.19833683941212,0.7136521521923933,0.8311421883879156,0.823693252735173,20,6,0.7342174421397687,mouse
57.41750049632127,1.8379477583437365,4.861645990267177,123.29378050517063,251.61786652359697,16.409633705152153,24.07899889994695,0.15936640807186384,100.27790665237636,0.5247742380188788,0.8905025457313746,0.683522822777739,12,6,0.9509734090135614,mouse
58.27216055760421,5.598536404589771,3.191849431992531,97.92198153093327,238.5262495140358,15.21945913813214,11.153714485373111,0.15703596487590282,122.70373813424969,0.9372134583826538,0.7404675976184826,0.8127217088090721,9,7,0.9040932724279271,mouse
48.001771708571766,3.575593546514506,2.1849666371574625,133.88084257838318,232.32081758736655,15.143925129869528,16.560493990425456,0.14683477639135217,93.91550669658936,0.5867847404505282,0.7993638235224516,0.8411957391061583,19,2,0.9453316876425534,mouse
45.6112211528596,6.637209933473973,5.231313491917799,129.07077367590145,243.12599958097638,15.129984449591714,21.560925143959626,0.16268955376631364,117.02403129412235,0.751691646745411,0.7790198436799225,0.842645634300993,12,1,0.905432884438543,mouse
66.27698355069408,6.486390385994033,2.536353407388933,113.69128479616481,240.60160732707791,14.184204424289764,21.158936949754633,0.172557002956942,107.61629556546083,0.9457054328590278,1.060787403161639,0.7004417625571275,18,6,0.9405421104289814,mouse
42.20629681039953,3.1811440804944207,2.7194786596042433,119.91285339603937,145.13252347716005,27.12478406230892,15.054896122886062,0.19651679517048676,112.8384601050842,0.671534617394564,0.836352563648822,0.9097484168623969,15,2,1.0,mouse
34.484467563175734,4.910254423899461,2.3594291213442604,128.94591561400375,152.4770929642518,27.294065073343898,19.747924129254525,0.23089237074908453,131.1562186728866,0.9086787677423251,0.8557532354251707,1.105430521696617,9,3,0.9036149432303984,mouse
42.25757566371877,3.9873335417429887,4.530422143416374,132.81677336083123,126.80121926305281,25.29510056432248,27.88938666034388,0.18754133332542985,119.22016197557186,0.9677896865464536,0.9137432734260671,0.9020463334325945,14,2,1.0,mouse
49.15779970721404,2.338684492902845,3.294508114705871,132.6740613532633,164.23874031737026,26.998120498860438,15.095274437517354,0.2513169091860888,120.70923813807056,0.9567095647102286,0.8330836658806252,0.7897865438446773,15,1,0.9662316812217334,mouse
47.79195050940853,4.233855371428967,1.668173450367298,151.87924896830634,141.04124862503852,26.881128393227783,22.405324481126744,0.21071761121475324,86.258548105639,0.5179063569969515,0.8274580823320151,0.8504855633989746,21,6,1.0,mouse
58.891580174228025,8.1290612402966,3.0854732511145877,112.56122139256738,222.8571901599434,14.551255638806637,14.6134436016644,0.26382663826422237,117.35909583831538,1.0365959282328328,0.8881966619189464,0.7670394660170553,11,7,0.9065410735679191,mouse
51.38254175803745,2.662412596814101,1.8067835718633904,122.88453517516126,210.28260710593065,16.394843964445236,19.097834926696898,0.16928697050372504,116.47386755578762,0.9387612274698875,0.9046689017858894,0.8988490957448761,12,5,0.814639654044143,mouse
50.75501257916979,5.9523563842343234,2.6270124535684873,75.02531971270297,219.22781110560828,17.241298595213756,23.0995747668859,0.13458181338077344,128.32798921642197,0.38837827407444836,0.9155540211921842,0.7293693602392429,13,5,0.7771242353961153,mouse
50.704193599586425,2.9641483129316386,3.026522287035661,136.08016182199677,208.81512903384828,15.802922796806948,25.486455935933563,0.23664129223289498,99.73809393806899,0.7216468944793737,0.7313869183214,0.7999403999760619,15,1,0.8596410291779658,mouse
55.81957829486072,3.0364623765297116,2.0788424929349514,133.84692317863158,211.9541032449975,16.72217811491131,21.972823563462715,0.2496510730164515,122.45015572315847,1.2071142325504742,1.1365709212092538,0.8093168869348333,21,3,0.8884261281700624,mouse
32.69182914384742,4.834236416581487,2.773910275250666,160.55383006845182,63.72038087038629,2.978963780960971,14.644500026704229,0.172177676433987,100.40300407730503,0.9597976769972985,0.9622918442465489,0.6323237017710865,12,7,0.33115911289618843,mouse
40.90039071591481,0.4203453087013136,4.068582395128318,135.04390183819874,69.31902325100933,0.36710601654301067,26.062249025680277,0.22408730507312452,105.65757893140608,1.007506639055472,0.7949868023266329,1.015226492643368,12,7,0.35063859093364597,mouse
49.719981810138606,2.1733291025997454,4.728451540721476,106.35542188024709,52.13007689924511,3.8923487988531145,20.34068369012791,0.20130932144080577,155.41459122980316,0.7963444366912583,0.8188945797178113,0.8408562132058639,12,1,0.26530172364648963,mouse
38.170816273772786,5.1531431964967584,3.4385135056319616,133.6777589509521,46.14493154421298,2.8137751575689927,18.5534808989741,0.1905890608949958,128.79182732173712,0.8422430221148844,0.8742156127460172,0.8043252276742319,15,4,0.31726165465321277,mouse
60.00963490831923,2.967916065163188,0.28084964115984645,113.35309386976999,48.64448448160063,3.3470409287307854,16.425348709038616,0.22850631796581966,112.13232026673667,0.7063196715151807,1.001767392846081,0.8123866532074526,21,7,0.263337266207002,mouse
49.497831270693915,6.483084732141263,2.030408407291969,125.38496450549259,95.75171050452099,6.496826278438784,15.049918670806457,0.21007802528252206,109.0485973287687,0.6363685930581715,0.8938954561545489,0.9333880566517925,21,7,0.2,facial
56.96009781182613,3.380977060092622,1.6765760001971233,125.94679007217887,159.82624860916548,10.310367813942332,32.13901463931894,0.3566949636646742,80.56553620645496,1.1291783645138738,1.0270130307660326,0.8881171956051238,10,6,0.9,facial
58.542905722070046,7.296439309964271,3.513460132038905,127.60003432512335,78.2444157809357,8.56113602049186,15.05694397728872,0.10576100422086213,138.6186464480159,0.8490607079189453,0.8512281304818282,0.8030685348225629,18,2,0.2,facial
48.953814484376075,3.208268492165513,3.85069827204451,133.60174703795334,147.05494024912548,8.655383290955804,37.40888359885985,0.48607506544453727,87.7839786415982,0.4797104683685724,0.9725120621956699,0.7399619857484598,19,3,0.9,facial
38.02420705949347,4.305231064371274,4.639584620271545,104.50260426181563,122.34247725251036,6.428481289502237,16.513912112034618,0.2514484175099368,128.25630670361218,0.6914927758193263,0.8972434206639952,0.7606658942530886,14,5,0.3,facial
39.89722306522781,5.397389725334162,3.034800199026159,137.1010276905112,121.07403192283597,8.698599453957138,35.53676208544351,0.6273019805633768,143.22272411292016,0.62366407220021,0.8417928700334427,0.8647151472238174,20,6,0.9,facial
43.87994401767895,2.5472049786477933,2.5592264898857433,128.5954624401079,124.53275527554527,9.502494140449492,17.10923359504421,0.3721612328808436,129.88283108359775,0.7982974033160264,0.908873876381384,0.9587955428869083,20,5,0.8,facial
39.84705992790083,6.483306507942236,3.059430183198459,142.55732287836128,86.78752679774146,6.685893263596074,34.38110249792804,0.6142592408055662,121.2185652777432,0.9286793111902393,0.860602923945455,0.9225277148382224,19,2,0.9,facial
33.10855957070631,7.026197003982221,3.110591804978727,124.40591579924016,104.58683774083497,9.574818595400398,13.519843245279798,0.1821512256959547,106.67618969283464,0.505864858013596,0.9433412348031519,0.7977705305301953,17,2,0.2,facial
56.67838634983612,7.5343035823569515,3.684892085282465,138.5907850776049,93.96606287385725,8.683180233500899,18.20795600750813,0.2492171765546966,147.928930596155,0.3346411321584324,0.9025832156872972,0.7633655564076357,10,7,0.3,facial
27.69277208806476,0.845849110488591,2.443279554129071,147.37743442171538,124.19035889040087,7.9069133315648505,29.430524499308433,0.4722321833030433,87.42621052217889,0.8642584822405059,1.171528870990367,0.8397682068400788,9,5,0.8,facial
31.445934601263367,2.4668498193147075,0.9830482664391695,131.9081770903034,73.65968549970208,6.9271276716787975,14.09335987459361,0.21743592173893123,134.6442617829738,0.7157521814407238,1.0133069818419176,0.9175244309795696,13,3,0.2,facial
32.62418792117864,7.034760693882858,3.557012332124359,99.98386617623856,146.5445693563076,15.774233929536297,16.961683299109726,0.5874943781809177,112.46750823882792,0.8257001591221672,0.9150040755123457,0.7399483748634672,20,4,0.8,facial
46.7251907324985,6.747725973440341,2.685433182141619,131.2352740416667,110.91988974689133,6.954838959976751,32.004255199923435,0.6260328575647128,97.52544206178834,0.8816748797264014,1.0813964672548004,1.0180174108574316,16,6,0.8,facial
46.441379661381355,3.177424484819775,3.608159385058226,117.09654766042303,110.87665857575652,9.608948129504293,33.21110523764536,0.34302929068625443,96.02505431032753,0.5113767005799355,0.9777455232226873,0.8641624608197449,14,4,0.9,facial
52.67350219211151,8.038246051555914,3.334514703179073,99.17642789333428,108.49830401433513,12.870828605566388,18.182628037103548,0.35707031443488263,120.67349910502934,0.7581925335384452,0.9995356132312962,0.8159609617398262,14,7,0.8,facial
42.67786311782703,4.961323487437149,2.451115079782742,102.06926460290191,100.89969322002224,7.169426886068594,9.338546179695118,0.31801681026898976,97.44700774167812,0.7223714604894826,0.8699708569736944,0.8802418007751516,11,2,0.8,facial
37.480816247724725,8.641330302352953,2.3925501236896625,135.10524224534376,106.36471910991257,12.101932273138264,18.43822948671282,0.14796710898919377,138.8417755779624,0.7501164824390496,0.9515242014780928,0.9571516605132256,13,3,0.3,facial
61.72979559236941,4.473119424188469,0.895938705851524,133.21717569391217,157.77603471886198,7.737284219928362,18.89774420462023,0.1683632262988742,113.48095103903823,0.8344767728255458,0.8097954662065359,0.7963834210476075,19,6,0.2,facial
38.781108388215124,4.749799543689325,3.8122360274910183,143.78417568316195,129.05013308207097,11.482036063381234,19.112323967931374,0.2348207258879278,127.22761873967637,0.7241906470581446,1.0550647362256345,0.8744652113807766,19,7,0.3,facial
57.44351061236276,5.1182171942359735,3.4980125585994344,128.5881302866318,125.16088603412248,11.431379600763321,27.62305075703066,0.4152166673701222,134.99082962298806,0.8648783277378118,0.9731534942559326,0.874726801018562,13,6,0.9,facial
47.727695642188785,6.787118736562435,3.229248415813959,108.94015775793247,80.66164176247074,7.720390220435917,24.095792791103715,0.41714754247737007,64.92588768851847,0.8452308959919824,0.9154884368346486,0.9578548273553296,11,1,0.8,facial
57.47925897599919,1.9060646235884247,2.213987645164187,99.72255657454983,149.337690851346,9.84755112843833,27.72101315999408,0.4238750853596649,114.4362318848365,0.7339146541548434,0.9338883071357459,0.9406487430921125,8,3,0.9,facial
25.816985959182958,1.9040994049819524,2.7104728326247995,148.0767845955305,156.82604631679743,6.777938602427831,27.13803580732698,0.49811322666410407,101.9822576038782,0.6359405203094197,0.8618884062680826,1.0333563222853046,10,2,0.8,facial
40.86044880004234,3.719350910481552,3.892534286637163,113.19893738748856,149.02040256536148,7.381773715200568,25.005398670266768,0.7169235471349922,101.95180633235957,1.3103561553365863,0.9222326568176156,0.8912116309579625,21,5,0.9,facial
45.181472423840034,8.610655108431814,2.9703165309523265,109.51026115664261,118.30733408248594,5.129942073652444,16.48482154661471,0.17273341650488572,108.49239416947091,0.8374103886939253,0.889324452525567,0.9154917819624945,14,5,0.3,facial
37.41491365353781,5.760279865923124,3.2150418940102767,108.02772645455599,154.87633137675724,7.36152013332386,10.659833892828345,0.22085165827130063,112.16048602446998,0.6764712446373089,0.9565589844137271,0.9326128164803155,14,5,0.2,facial
51.37271075554864,5.058593062763052,3.8513153142783993,120.33344853855063,160.05365025149166,7.9469737852133395,29.18275804269159,0.5474650781756815,134.81799330978745,0.45990351526771667,0.9525206994856473,0.8559351005011863,16,2,0.9,facial
65.53020400966328,3.989834336190418,3.0605294507591694,111.21265210924437,140.38354218717188,6.1910757153089415,17.99971357004685,0.2578636016657488,102.55151132691256,0.7311825095714518,0.8189804089023912,0.6961346566719944,17,5,0.3,facial
44.07403439896378,4.073059566202403,2.340562285650643,136.68206075128958,114.1636937644186,7.568926639322639,21.99815925375122,0.464653059320876,99.1377251926437,0.9533933331378566,0.7624920445987002,0.6518420172596785,15,6,0.9,facial
38.07912630833152,5.882667068269596,4.603149814171723,131.33392268084515,109.60883256763476,4.057321392683519,35.76106835193688,0.20717140721943583,87.06014676062438,0.563114043702731,0.9166077081681582,0.80752361556709,10,7,0.9,facial
45.84887170441006,1.018660496803311,2.6065993193573544,122.13055667509717,110.13903934285219,10.142158758168442,36.81229073188118,0.670886107118282,136.00009128642498,0.7715539114784157,0.9368061260529161,0.7466811038329335,13,2,0.9,facial
34.86093607570393,9.14873880888802,0.09683454438876238,127.29951944418647,71.93055998479684,7.3511756837448905,28.353263920141245,0.5310539867286864,87.68993990633183,0.6983251920981065,0.9833495750157375,0.8463188601173107,15,2,0.9,facial
45.837661824259065,2.784222766364779,1.100939937431201,121.24198293793452,99.79754027213355,7.126042446883388,29.155119648258054,0.5418117099645401,123.27508217159213,0.8552408179569089,0.8491573393381464,0.8764803138916972,17,3,0.9,facial
50.03862642677391,4.409150476799051,2.3095647644005886,81.6148597855776,125.05006187677287,6.853565838419725,23.138866337871033,0.3052709789996923,95.46457761121785,1.1047076393027486,0.9080645775080524,0.820272229346536,17,3,0.8,facial
55.16753712663806,3.7460064931072523,2.7354123263624297,116.66055030659261,120.58970592181615,12.559011274932665,8.664173588305214,0.24911545758910508,108.592281178879,0.7654405140947588,1.0403726931276631,0.8839839917142988,17,5,0.3,facial
59.45650700902403,6.306686585389703,4.481691263104993,105.54707033672857,135.21020619597755,6.307013403413451,30.63196380975238,0.6327671266605579,86.88700106404563,0.7108407306769189,0.8991605233554372,0.8267507835864749,18,4,0.9,facial
25.069630776416204,2.668316172399268,1.9733875600353963,128.15024224148087,109.62190348622835,6.646452282029505,21.13279811528989,0.1649556887766827,108.27963804883625,1.0670168774019646,0.886890915292165,0.9299287158654338,15,4,0.3,facial
49.40299822692016,6.050474013309044,2.2196550123034617,102.02235425931829,143.15580916007855,2.5539496236891663,19.321714560080235,0.2111732563941371,104.10039731834101,1.0125074462292047,0.7640117046309912,0.9474930499033299,13,2,0.3,facial
43.14776162418293,7.049484407923348,2.1347296175480768,126.30894031448379,120.96266453887732,10.718371335131055,25.259321523391144,0.3692352412196682,119.90618701963592,1.0371736725432288,1.0311062877225958,0.9441131145085453,21,2,0.8,facial
53.31152337985998,3.488245484589596,2.927416029315273,119.96835449805309,133.71236796420658,7.632702680204187,31.468560152551486,0.523337841956056,94.76708985566462,0.9878984027033298,0.9084341410940151,0.9019881105529425,19,6,0.9,facial
46.92996327189206,4.528491688484046,3.712077534221278,125.51208650833681,139.90289534173127,12.121838462305567,28.99636866477057,0.34312276168477795,121.30270814511206,0.7383661130758841,0.6966659371861645,0.7433055187862609,11,4,0.9,facial
33.926231308146654,5.2308767105546075,1.722572065510269,158.78827418937865,133.0899877244334,9.224141365387641,29.553581242507814,0.3567031159858661,119.15539301481407,1.17271248348631,0.7628508173537809,0.7547543382831087,19,6,0.9,facial
44.26084768182693,6.074352347029306,4.9295965279182585,101.11977857559162,145.81903206051373,5.7539065753501255,17.92400017196559,0.18273015580054502,115.12107820966932,1.1095840523179614,0.770182996922175,0.7505146449729244,9,2,0.3,facial
35.51282895389421,6.090020396897956,3.762263414624026,89.73726589769898,116.89941939960123,10.805039521605204,11.235984418175438,0.11600239175956373,126.85019852401119,0.7464085570452464,0.8980523073472758,0.8796872267075161,13,6,0.2,facial
47.565172913076566,5.34561082069558,2.8656929385707524,147.94688396407378,182.44741499797058,3.0105499022447013,24.12356553544107,0.5953940701634041,127.46640702429559,0.6906519262333858,0.9952809461210119,0.8880657308907067,18,3,0.9,facial
49.49512824469035,5.629780142202387,3.580547509725624,126.9962514751663,41.507811364893996,9.854101560118421,30.192718110787098,0.46944123289057954,125.91206737537267,0.8036809405466817,0.9443303694096915,0.7172828067620877,8,3,0.9,facial
29.816550921956413,4.135364315401042,3.1422102732319592,103.67025035990301,151.50133192040823,10.180352770498661,14.298728706741922,0.4932013184417306,140.0766673893388,0.6347212939409276,0.821176787308864,0.8727768007060304,18,5,0.8,facial
31.049084308697793,6.430622686417735,3.0214694162804343,142.47623694037932,111.50081157826077,6.637697799011028,34.86217464488585,0.27340253975848716,118.22598954740872,1.3302611824930102,0.9133607593372054,1.0716743513535056,13,1,0.9,facial
56.396396319765145,7.645832220767952,2.120866628328697,108.63099338123057,168.29487270357183,15.50579160767783,13.637710144169098,0.3533363856049023,168.1114720073715,0.6181432771467802,0.855241986273969,0.854559166663087,18,3,0.3,facial
55.39682351484518,3.6812078169354523,4.311657468159424,83.32075199820295,102.17452189755451,7.125482427713775,22.782097966476947,0.27503702996300095,145.45683133574428,0.6986477302404392,0.9837553197903155,0.8657159389691359,16,3,0.3,facial
42.456562418614084,1.3225721411963338,4.272408970262651,85.72437309447957,36.85890996640366,2.571745481302761,22.685302500346005,0.2832272604603482,110.7705732537173,0.8300910077626745,0.8054946323197554,0.9773468970427818,15,3,0.9,facial
38.01702510784037,7.235767083674673,2.2507941698254164,93.65550491721652,157.2431841520844,5.16561500993317,16.363037837129625,0.21585410088748824,119.00226494900325,0.4339904977003515,0.838569189581676,0.609232351851457,8,2,0.3,facial
40.47952731431364,3.9938623696154423,2.158365446761211,142.06444170931906,84.99034213687085,7.775633565536444,11.51993286801843,0.16633250240930433,107.56554244993282,1.0720076345330227,1.0077149236597234,0.7800912335600801,14,4,0.2,facial
42.56187908793272,1.6372270644507863,2.657917196057109,91.64907524745273,174.45521025366907,9.71429969355434,31.2523653372205,0.5403783221520928,103.12062623294719,0.9176588358400669,0.8103453188103423,0.8598103609813935,14,7,0.9,facial
41.84698883277291,3.885820860819911,3.2542793587702645,110.99834204520111,99.83537035230273,13.244779688811425,11.468849512146683,0.1857673252104422,130.08793045361855,0.7880983931755687,0.7845212176264568,0.8960721505768373,21,1,0.3,facial
28.08199750949345,9.725391784879902,2.2331893418261135,131.14576312835158,94.57506895039427,9.12635911090037,27.871718562595177,0.3988600517913213,115.83861038784144,0.9444821407068907,0.9439449265641913,0.8620376945497008,12,4,0.9,facial
33.77725560276061,5.13496789505833,3.2613208529065734,112.19256129116674,184.62889614011783,10.908160656587915,23.229703748910318,0.5372125435188382,113.99582928960291,0.9954311561590348,0.8075901179180927,0.7269133068617434,16,3,0.9,facial
43.47577804197955,6.507229917899977,1.0469381308519468,102.57435792553594,128.28218882445813,4.639169103054817,33.041705967845644,0.530184209239255,141.72406708165397,0.7664212675537349,0.9341090428925811,0.8531221011612387,14,6,0.9,facial
32.90462079462131,7.681496041372121,2.875872887317046,124.40431576036023,46.18855499883142,7.286245425140931,22.114646202374615,0.20938555494515343,123.55750392365864,1.0233198752922488,0.8696592113052802,0.9569234915961409,8,4,0.9,facial
48.28499104720259,5.605582577431951,4.18488551508638,103.28086762929611,59.88712152542006,9.948465162267391,37.183349394572254,0.5306723556808025,119.86840502991956,0.6366428529752188,0.9747593438613139,0.8992245264176817,16,1,0.9,facial
36.36727720565118,5.513015975527533,1.6872108556094065,93.97269149959044,174.92450664759247,9.498620641880107,18.075248119776486,0.09142197669278371,149.48079170793,0.7781308555619069,0.8138568650187712,0.97172852030116,21,6,0.2,facial
50.81113311196404,6.163860805456964,1.8802435586011397,174.72013899642633,132.6830979126268,7.518049761836077,20.025232941347184,0.18391931432408612,107.59296966935597,0.996726411040119,0.9721428993251746,0.5702537797659465,11,4,0.2,facial
29.947378593396863,3.982893464259414,1.9224849149824674,97.51214998491619,171.91119537091356,10.370234138094165,18.41708217191451,0.19765570814554753,121.00223758409858,0.9337478907341991,0.7307140531297123,0.8894310353956826,21,4,0.3,facial
45.818532056702004,8.198916425420927,5.071499025253345,85.03597749424107,158.11914577253393,8.538817773708297,27.687396205424744,0.5330537880672402,103.79897998952829,0.8999975710988286,0.8669822305303814,0.6258475986793263,11,1,0.9,facial
69.88470028058913,1.7204854896880755,3.0912834752686313,128.10774350852566,122.06252244202388,11.889936735656171,20.137982709910105,0.304021236379723,117.51165669822109,1.1845118272007662,0.9329936572011487,0.8469559228283894,12,4,0.9,facial
38.51742715409435,4.6050356067784515,3.7259724033333437,108.06773495551437,104.21396571726038,6.751207783757717,22.891499264747644,0.2801775776066602,85.36406597717402,0.8853696547104535,0.8642905349840971,0.859231931185642,13,3,0.8,facial
51.664591732839,3.3840487056849904,3.5558202567811747,121.95537546554753,175.9333472676513,9.218465436396727,11.276530209952732,0.10161133053394861,102.14844263173391,0.7193900452504954,0.9404426156122933,0.7479296466261636,12,4,0.2,facial
17.87281480208305,6.61588033062726,3.952919921661318,120.25458671010664,156.6875501624222,8.086766990495374,14.0605589219685,0.13400134847980366,81.17278678830775,0.6750470824638277,0.8252474795036742,0.8018131711009587,16,3,0.2,facial
52.01664089024784,6.17757559362415,2.5616299677046057,131.4346599449187,115.52703151632014,11.424949221657977,26.8165949025921,0.25625162774545185,133.03170413922868,1.0588555702979576,0.9893814483653698,0.9003727813769841,15,4,0.8,facial
44.45878547981471,3.410877621535601,1.994522077408549,111.3191729714495,137.7127023148409,5.162047313806499,28.69220473856003,0.3956338681033005,99.18884832274634,1.0083044735197915,1.0234214749331874,0.8490818853234179,12,5,0.9,facial
52.22495253071535,6.611124013846615,2.32968534104883,139.0690449702487,190.8394321688321,10.149108303733442,20.950469781093048,0.23278090279565355,114.17148358808798,0.6204920072006339,1.0407412427087979,0.8807200966161899,8,6,0.2,facial
35.94301583375234,5.878595815443597,3.113023071456294,103.52450156486226,220.13871603531516,5.958368637005617,30.21281166732243,0.5437951999894547,140.99841827465664,0.7902755728490611,0.8262520424987317,0.6826038990069053,8,7,0.9,facial
55.54743658236768,5.07909264147967,2.3362989895409805,136.46414830301225,89.38616702172598,7.123295215337302,22.92422883923031,0.2047927849190147,105.01535118304228,0.5746409263552035,0.9712640086632582,0.7910923997855249,17,2,0.8,facial
38.21416606734348,5.3612814528433645,1.3457241347984696,95.37328374051705,130.75005216432237,7.995049948852405,13.215578068852894,0.08056914015224265,110.79625762219284,1.026409514482467,0.8581142289253098,0.8310884158685771,20,7,0.3,facial
41.294756871737604,4.212975862529249,2.9055170923798457,126.95751929841882,108.5001726966914,13.696310364945418,19.883561745239096,0.29207878942949883,123.75489223849407,0.8121469239555188,1.0272002541343368,0.9172315347001315,19,5,0.8,facial
22.375434317619213,3.3298467169210753,3.4641825447160985,140.86991003338747,114.39058224027958,9.622855390977215,25.017287912278295,0.31576814464588987,93.54294469855756,1.0174049317703915,0.9501884690139906,0.7420355591849008,13,4,0.9,facial
56.96672557242489,5.43249700961044,1.0516114927592837,139.24196531718923,106.76697997025238,7.316925678404439,13.049475943869362,0.16765214218957752,150.86349856152304,0.6471065726905544,0.9295327766683006,0.7059881962411385,21,3,0.2,facial
47.14063104530746,3.4973692082810866,3.5886170264902866,99.58567755843507,129.98982185626272,10.07109134501509,20.69925848915434,0.20753494005899148,127.55370436610005,0.7388731898355595,1.0098783940426073,1.0501549655415063,18,4,0.3,facial
54.76471047207203,8.18264146540305,3.2201266175579346,143.2454869646665,138.2427351623411,7.973517254850993,17.60526245240434,0.09882092425454866,127.7917652297996,0.6152337768972744,0.8912131918161587,0.717626733934087,17,5,0.2,facial
45.358369475661235,2.069314108560324,4.789081273814884,128.04152278407747,124.5258020813159,6.57822238881351,39.96290868989576,0.48406732689070014,116.89611699470512,0.9485222715788812,1.145434778692183,0.935796783551066,19,2,0.9,facial
35.754941105706365,4.893521171198948,3.2183753281740795,113.90948207534282,127.96478102461549,14.876650937722905,12.385855187852616,0.16325522552707164,110.90670962821204,0.6074740225872884,0.9412978342333354,0.9077857447001515,11,1,0.3,facial
35.229713429273765,7.693993672009716,2.3206648957413023,109.60823606248724,51.51846326611059,6.472876432077636,23.877134436666296,0.5795372848510342,144.2051813768038,0.9464894473016742,1.017364383750396,0.9123942440160281,15,3,0.9,facial
62.6046180676226,0.8012351051478124,3.6040683843932766,125.69100730253861,126.20121020344882,5.5484074174354445,18.059868058100164,0.11858343516193791,120.92215599971051,1.0766860268397853,0.9567277607331797,1.0290671606439328,8,5,0.3,facial
37.250230849289515,4.604932796732862,3.377831242444516,112.57118962775803,59.06049426834993,11.01964117032123,23.054384316677652,0.34034152252578426,139.451028562637,0.7954715018273417,0.8971518883451683,0.8301963930365419,10,3,0.8,facial
55.95113591224924,8.013555254749011,2.5932361804425987,102.24233350058276,120.3047403412983,8.30759784548034,33.58680785096241,0.4238914482699321,151.64617922060933,0.8728668383421131,0.96478368557273,0.7840863720215885,9,2,0.9,facial
13.171019610033522,6.843986809307694,4.907809295322777,102.63639140860161,94.44471306479382,5.736235232319484,17.608920346854756,0.3265806989035251,114.41954535281496,0.6875120676954267,0.8838068299619859,0.7467919022914912,19,7,0.3,facial
44.42687623175765,4.7149708262293135,3.171059812770954,122.95726110803267,110.7804397635825,12.290213001531635,18.23821674005183,0.23213576238870723,146.48821832030188,0.7536771438623114,0.8742946584955593,0.8107898768613591,21,2,0.3,facial
54.80967744074872,4.382873406763285,2.687747554714958,138.14244638686503,117.14303030693038,4.092640974274207,16.79258699973192,0.16203498885332296,150.3627047014603,0.7731467413524128,0.8973150807238751,0.7840867901902973,15,3,0.3,facial
52.07971900587793,4.430961151364924,2.5758654199536863,143.26329764323697,132.30843890550523,13.4787622090675,29.78990049897933,0.5554825638521259,123.90312379210069,1.0580553142439664,0.8802586569289195,0.8600600278813919,8,2,0.9,facial
52.13468615463834,5.356027435355396,1.4092240869678734,111.42878707485178,155.77231459272255,7.923919607835228,28.25882060463006,0.30806237717691093,141.0517048480497,0.7675616495045703,0.8852110206755588,0.9253217956852166,19,6,0.8,facial
21.183030593269024,1.2288176568023408,1.7049843522544388,125.27957395055853,140.0990093316483,9.78160538766793,27.746754244601306,0.48141172051527087,100.39872331412735,0.5314083389294626,0.9845982879788361,0.7115873246996549,11,7,0.8,facial
43.47658210272831,3.7100750532759217,4.503814289539228,145.89280609244318,129.18955000081286,1.2827703030871778,26.598848586183518,0.45831683629149417,132.41702195746532,0.6218625204283587,0.8410205457153208,0.781606094977141,20,6,0.8,facial
53.625459429026684,7.240011817713379,3.6012475322372484,118.1583649125029,124.15023122817357,13.297093112134053,17.345162113400573,0.7085287725129819,88.32087244927354,0.7240490478863677,0.9787810019071531,0.8990073853634883,10,7,0.9,facial
41.80765760709245,3.414035178851922,1.9569607953876365,138.43383717334407,113.46313925375576,9.151107318806549,29.938895190155446,0.46978196632556424,105.97563583744403,0.8053578248019982,0.897047906164986,0.9422387436662267,13,5,0.9,facial
54.17128033748046,5.977584386312936,3.9426790747168474,150.37490053381933,71.78285625863148,7.045280143571434,19.033647704317858,0.49554498812579084,105.25512675069648,0.8150948724920143,0.9423116728448868,0.5454617138488211,19,6,0.9,facial
33.32598622913268,5.868200199285074,3.4909423591572106,70.6959042296431,117.36380462294046,9.86898886127744,31.133577407239287,0.5825530898621702,111.96119996123633,0.8148352535205159,0.9425541608582043,0.9740574437081618,17,3,0.9,facial
46.727671983282995,2.6256603935360614,5.656067633363963,116.56027602099442,123.74291430056745,10.500300773154427,25.20225319497529,0.328944761390998,88.29721055616962,0.9193979489909676,0.9002456539140883,0.9211619007130214,8,4,0.8,facial
54.59412932500094,8.430480532329922,3.4319824816847495,112.13259148749859,166.69287625747748,7.847248591574728,16.951677138880182,0.13073071347728119,119.27666249410913,0.9283987416841049,1.0117026957522932,0.8737764976027173,13,5,0.2,facial
44.57050670106159,1.8383310918206779,2.8564025516259535,120.01038159131504,121.26995584232063,8.924758724120977,16.044578624631786,0.14896958959179196,94.26543528039605,0.9474529754786277,0.8626683333394156,0.8807088151747526,14,5,0.2,facial
36.657996290233264,5.2403747762289035,1.0743778024615835,142.8890996975176,96.60091067015631,1.1725065491464344,21.986107139988086,0.4438556814160927,124.67735060550936,0.6342542476948094,0.8850569231215352,1.062714788742614,10,1,0.8,facial
37.234886875995535,1.851110000014466,3.611637577574408,114.22135733442781,129.38817590863152,8.036047991544343,28.037258742165612,0.5287742555297184,91.50924664770545,0.6090494938092456,0.9265372952849484,0.8159368353010177,14,1,0.9,facial
33.09208185422914,7.031159729755435,2.670095605658374,114.90557112383787,165.8111186077751,8.0492750495227,35.01228165142314,0.36343161718078143,117.56380303326789,1.1290495988687697,0.9558148084313304,0.8469608239486048,9,1,0.9,facial
43.86366252809768,4.743814318880594,1.1986094540462886,136.7464021840197,63.964329165466,4.900142174606012,21.102105672118707,0.5663191556405531,119.13808879619215,1.0944701127890406,0.7413796888363116,0.7370922257316985,20,6,0.9,facial
34.47539227966267,6.909617807709433,4.524842818724359,121.01890705109578,91.18346662817335,6.4804067372616965,13.21250972471001,0.0696728990005859,99.44157150022764,0.7428446576302864,0.8143484791784722,0.7628678982338343,9,3,0.3,facial
34.89557264131296,7.879927419173178,1.9328950840567698,115.51668180673809,134.91632700897785,6.245439013293262,17.574516773355928,0.29467289466537194,107.9058188719391,1.1377388786737188,1.048861328159149,0.8782413383655114,14,1,0.3,facial
60.460498657192396,4.717315798560854,4.963968895684291,84.6704701543878,94.7225736337622,7.732823442513556,21.13529468112472,0.3784864406050173,137.82629384237887,0.782593430652562,0.8046424421016761,0.8819181170208716,16,3,0.8,facial
35.784962569284346,5.839329482416012,4.431791579817671,103.67186666821013,156.14872042474,7.506288760308009,35.7753493848529,0.26341812588425906,112.60984762679493,0.7688155178194216,1.0057875820373452,1.0533590540326456,10,1,0.9,facial
42.179211037690315,4.714060959176047,2.8989116299512556,151.11965404860797,136.12084714100425,8.81158573619775,20.04192312194977,0.2963089714766789,138.48474994721153,0.7335206017170197,0.7691534973882073,0.8256014470140912,20,7,0.2,facial
52.41131998032647,3.0631380259802405,1.7089064429177097,122.48514010654807,68.94222206513797,6.655061866949622,15.70942968934077,0.21418427114221475,124.73261607557347,0.7083438328761988,0.732948306147036,0.9827154813030915,11,6,0.8,facial
56.086738144974724,6.18862771169355,4.012827210312986,120.58582072813398,141.39315952253477,7.527933663973675,14.254290451113901,0.05778040690899891,128.40740460978907,0.5553455080358702,0.9526716450982529,0.9311889456720287,18,3,0.2,facial
52.13583959281844,3.0943401716887475,2.849375155271634,109.6920904943187,85.21501365414059,7.484728679786405,14.19608265872718,0.18122767279162513,147.14518458722236,0.6694705103813675,0.8058650370335853,0.8191920148956451,21,4,0.2,facial
49.59284147889593,1.8793304442384482,3.3696763648967587,120.4949011294234,183.07215908977426,5.734511379147756,12.767207495346915,0.179931317558434,89.62308499350766,0.7012362601726092,0.8305910856943483,0.7734366982896477,20,5,0.2,facial
39.4086316538243,1.5780651991530066,4.6290554973177915,104.24915544258164,122.71787621374493,11.716264237567309,15.092193149273518,0.1317696001853878,164.0965567246525,0.7962022486160789,0.9614573053651247,0.9324831131085879,10,5,0.2,facial
44.96790877283259,4.294233981158171,2.873778052719406,94.1836375955035,34.381962625889656,8.377662734933937,26.69999778371767,0.5252079757837141,121.62243850287103,0.7551734708754795,0.9745386374206821,0.8375985038226675,13,1,0.8,facial
44.44161249190335,1.1682266518627125,3.2852724763505705,107.23432787193025,115.34037891536539,9.641013750787687,20.632980075522596,0.36196134810097474,96.63373343297401,0.6427118205342427,0.8696874969407786,0.8069952321122105,18,7,0.3,facial
64.00701207125418,5.439528847114946,3.1257493715517906,134.33633266396288,122.69035203080401,5.737079063217542,45.577481423615815,0.4837835047494561,101.4582364674008,0.7288848233566312,0.9317566726838515,0.6995693477220879,15,2,0.9,facial
58.88143599484658,3.324353072748449,1.0791099298092668,122.70754210753124,81.93979853319209,10.03658730438417,20.322531729844115,0.4175428260472103,133.8581125205856,0.9839229847975101,0.9570561077718425,0.993742489069079,8,4,0.8,facial
36.7818343717601,6.106315748480299,3.0153484707015368,134.99039035348275,115.83517727039674,6.930294459145999,32.15448024684067,0.5209949925618254,118.18852483589686,0.682957317520029,1.0017203169756856,0.8337302602185511,18,6,0.9,facial
46.61996506910968,7.464769638731747,5.448912685646343,136.29196331388448,118.3570646850079,14.8467019869383,14.852051801880666,0.2085613643712899,105.73419613554057,0.8748762594508633,0.6379218468664003,0.7247401243579772,11,6,0.2,facial
62.088583799198226,4.690464331338069,4.415492457333372,92.6421146872851,120.10091955091214,9.342273612978612,17.288070978127134,0.18931257200333515,114.99149053353752,0.9775943943483886,0.8329301149071957,0.7163468097977981,21,2,0.3,facial
44.58380115582576,3.3652589906415553,2.13865719252425,124.63445541010834,127.52035219749222,7.633383395478694,15.34704143800191,0.1889769119454463,100.64637489541673,0.7278398601319229,0.9368991732191521,0.9540010731353897,16,1,0.2,facial
41.39171980569246,7.799115201836193,1.8478764217104968,108.46249471384394,115.75478333674012,9.053637052449021,17.79856944210993,0.4100145350405267,114.92078008269107,0.8025453216269445,0.7396563434297513,0.8630214901430373,12,1,0.8,facial
47.6177000662547,1.3465835125785244,2.2904855795461154,99.05182023958925,111.70313567984051,11.536177250150907,10.140835496425563,0.18659568096917556,139.70902569895392,0.4790527068796156,0.9969294089971016,1.083023901221872,14,5,0.2,facial
41.147342814690845,2.8567618748565966,2.4495890341406557,139.08935724652684,138.1058828918005,5.525026871967542,16.1369632024347,0.1722541649561236,101.56243526482368,0.8291157955450974,0.8276807208589917,0.8675650966060502,13,1,0.9,facial
42.660972304845025,5.600905380855309,4.252951001735344,146.61678546960331,121.65229224023741,12.038270166980368,12.460710492519006,0.1496728556960544,84.9165333808446,0.782463350932485,0.9658148238003098,0.7445003532805013,15,4,0.2,facial
40.976957317527436,2.6279550706629635,3.151255876767438,160.9888864163142,159.760521515567,11.149451873233868,21.67608318607973,0.4569628901763624,115.38119422916554,0.6478811545668585,0.7473144836087189,0.9278729063783124,13,5,0.9,facial
42.75099861434904,3.839320185656234,3.4241333123832214,109.02846402821943,87.09851832320888,6.83254611939946,26.84159755459907,0.40391844014745903,114.6691934300335,0.5893278782863819,0.7633562837888113,0.8960305595155039,10,3,0.9,facial
52.99251658246701,3.572272421503115,5.019019883373563,82.04136888261435,94.70135808006208,13.724272772059493,18.293967671972275,0.2687612613570417,144.08106699327777,1.0313093243007982,0.9370315618416211,1.160445767613033,16,4,0.3,facial
37.59301048118134,5.737703097428406,3.545453426424571,93.19551149609852,124.20530313103016,11.281126205422918,21.91029534804755,0.48326670716433656,98.18805062578663,0.7414874631000142,0.8650379659911847,0.6886521802656478,16,5,0.9,facial
39.933497637531694,10.337245095644839,1.4453342392917026,143.35272595732096,95.21354044060314,6.858211375102569,31.637346309180757,0.591589107196208,140.59402867407965,0.9873899291682509,1.053683121733228,0.9145088421399361,20,7,0.9,facial
55.31827981565189,5.421223737005054,2.5992044179576768,114.99514042301129,80.96893087621947,8.528669683025834,25.06109881960228,0.505123601868906,124.04065121701603,1.0482590819457873,0.8500472907978736,0.7983160948524451,12,2,0.8,facial
46.278855280898156,2.7152651138495556,2.734119706096642,119.65558739164359,126.45436989787267,8.482347328726865,18.783385339972963,0.06301902363511927,147.95876932288058,0.7315859958377302,0.7781798828778625,0.8348199166659858,8,5,0.3,facial
49.95793387581223,10.322294287009875,2.6445793393590225,121.71034643690281,105.72462233409107,6.89339799594898,15.875347863967614,0.30826811192873765,121.09603384855963,0.7878228889622582,0.9566035368839452,0.8497870785600748,21,1,0.3,facial
55.214933547098724,4.756493288745868,4.34796593280985,136.091343311779,130.69785696295557,5.19257340601108,16.58009045715953,0.145176878346652,111.75171764857984,0.893434440482989,0.8195581011680536,0.8065756247049369,15,1,0.3,facial
39.18939870580214,2.670525151223673,3.2324771845651,105.94860447266723,92.91040160052705,3.2527764183276737,18.734735137981467,0.10315877307501592,140.08230294564444,0.9599670848479827,0.8196239686222329,0.5790532197832667,19,7,0.3,facial
50.48457847393656,4.867715681978749,3.996611460593399,121.90968953980823,147.8211511422489,9.48853211699753,18.933431914015678,0.4820578461939995,126.62745857597938,0.46216109398136845,0.8972847656621762,0.7412722203078487,17,5,0.8,facial
31.44651263047267,4.490255154149103,3.3193159422490335,122.98404382947226,108.23072128402805,7.843067990049883,19.079140450727742,0.04508746666404237,97.10705815699657,1.1488594826623426,0.8788201544762468,0.8197671550437198,16,3,0.3,facial
39.75922084011706,5.073569338783319,4.199800356833732,114.16853551803553,103.86363757639556,7.722732171983635,23.49819939656468,0.31134795695071016,130.8822215593658,0.7933027538745686,0.8749593708415379,0.8675599409996273,19,7,0.8,facial
45.82699277235062,7.814134053198581,2.6794450098960496,129.7385604768471,72.78353091821816,12.079444191336567,20.894220513461946,0.6647299121207088,138.56456262429654,0.6525735679168131,0.9408990784624933,0.7031593773763692,11,4,0.9,facial
54.55843380385551,4.2857393925995515,3.483104235577388,105.66026375456352,112.42796349030456,4.582757961441422,20.993754167269415,0.2708920098620972,126.84990267140583,0.771658340759258,0.870672322002814,0.799363620908479,8,7,0.8,facial
41.319578372300796,1.1404878915937449,2.760346097183771,114.24411223594578,163.0575604023552,6.2954548112916475,18.43645251408539,0.2009549577120339,127.04152154554131,1.0523776156199638,0.6951013693089687,0.742439827085033,18,3,0.2,facial
37.14676316226341,7.543389432816989,3.0525709397398497,88.31182230924632,116.58735707268997,8.37857374493019,22.923511694473135,0.27233861823630956,87.10396124994786,0.6122372345897436,0.9052304699879749,1.0056052586206332,18,7,0.3,facial
41.6395481202201,7.155490578407216,3.105797832610507,147.95720196073927,99.47849276718388,3.116898829980279,22.95812655346944,0.1246420317373734,108.92857260197286,0.7374877190628161,0.9725857763787971,0.9066386764958972,9,1,0.3,facial
46.725357176783945,6.251552342699286,3.7247617212141986,98.40560222281198,134.37292750020117,5.40736157202807,37.46511814285499,0.7104953053866652,101.02311384699583,1.2281609622522156,0.7957517449262583,0.8740398755993294,19,6,0.9,facial
44.66742780835769,2.9396287545333704,1.5861613468941844,164.1757848298062,142.5154359797922,6.321777990149313,27.797919806670116,0.2529636222178926,105.79423556390678,0.8920915466966177,0.9081738064961675,1.033530512488887,20,7,0.9,facial
39.53566802107142,4.034457305126705,2.035295539944169,147.12971556194952,164.86645534207608,9.12878225225665,16.38802989152853,0.14952492979506396,117.57844142931529,0.8931183803590522,0.8735448757143532,0.8078247359372679,19,7,0.2,facial
55.963025934141605,2.5125223018627874,3.1268247488856153,94.99583550328305,140.32599757555323,10.525929260280437,29.497902546003893,0.2401992670714141,118.8386087451204,0.9106491445842265,0.9249313074505509,0.9182246331850541,17,6,0.3,facial
58.497928268222935,4.881450553295029,3.993341012609133,101.52530929911465,146.27820334156186,9.249001058150524,19.52042015943544,0.13781975263311486,134.39270575787242,0.673841538240356,0.837455299674675,0.9216247449202073,21,3,0.3,facial
30.370347162105404,5.7890811111574365,3.684152433619513,93.21380502812988,124.88230139134306,7.720763120665421,33.43042112133349,0.48303280590206193,136.43914766659438,0.8010747277176797,0.8384458618702891,0.9204180907233606,19,3,0.9,facial
37.09748297282591,7.905330283780705,3.3096072567866943,137.5772323321364,94.44845024316714,10.22241528063684,11.814067106780325,0.08134540562772054,104.20797804379055,0.7615054814405146,0.9312079879141281,0.9810078094270832,14,2,0.3,facial
45.48517475748989,7.129627724408909,2.7086378718470003,91.26755222587518,77.41442443979676,11.567094198851596,14.075558325293292,0.1997898680111086,149.28407812522283,0.8345171536160714,0.9402161437006523,0.6809243184389491,20,4,0.3,facial
51.99259276271356,6.499487664172789,1.6697148583725234,131.39807602409687,95.60584209383366,6.114950243426964,12.188304667096407,0.18330585039217595,136.8072483033343,1.0756249005830616,0.8814257343794485,0.6174663151951902,19,1,0.2,facial
43.973537391762285,7.4777416492566955,1.433171119434976,120.3742126298218,145.66048407593354,13.115497886143032,11.401199812113092,0.09598750597543487,108.18137702936744,0.7444199345594271,0.8335616721136736,0.8938575932475162,21,2,0.3,facial
45.86295742679545,4.509495685207597,2.446740565750625,111.87475691531363,126.03706204918078,6.984088624837752,15.079983512746452,0.3323079064328768,112.35369219021324,0.820072321008272,0.8499466178285348,0.9613101672767681,19,1,0.3,facial
36.81920025486182,5.593025946018003,3.3153022581870295,161.22340037859453,111.77389862867508,10.680591151157516,15.104079831197001,0.18140152639805104,170.63787011989,1.0972317562673666,0.8048921937762822,0.922286628829958,19,4,0.2,facial
35.70963121661708,4.551739262683437,3.8887279619809143,111.12976145630235,113.78465651758853,4.143552857139128,18.817695209969756,0.15659603110954046,116.0009100350593,0.9689971296323419,0.8676639551390393,0.8373052855359844,12,1,0.3,facial
47.45287586361137,7.4046523230957515,4.03656187706947,114.90634546077467,117.27151110896514,5.552036694724444,20.93724627499835,0.2159896716409986,112.7341069892251,0.6744369527071257,1.0780993524715554,0.8125078130593434,20,5,0.3,facial
43.13319371199691,4.312757097683062,2.462154869105453,162.6304300584336,175.3412118147897,6.40762748917782,14.292666838661493,0.16850554810684465,107.29000099815235,0.5882435553809386,0.8482877676622929,0.8930864953273636,19,7,0.3,facial
44.18992245511574,4.652977578328301,4.038000320365498,133.7356282323516,98.01578253371156,8.159445591794952,13.759762400273178,0.14363622145795624,124.15305251836229,1.092719579593501,0.8317113080277079,0.9278348123915541,19,4,0.2,facial
50.79992568462701,4.5648896331828235,3.580258220382739,120.55092469868308,98.7444470064473,8.463228432746075,17.59441751444244,0.4710980479872767,118.49064057225291,0.48717541176008905,1.0231670799528696,0.9029823833408795,14,7,0.8,facial
51.321951410310604,7.036646529616879,1.4682313097793083,153.24753321810186,114.55251226550607,4.906895326101733,21.655166638950774,0.2783601531409514,99.78361267886432,1.1215240339602974,0.8234539612772875,0.8746219671742431,12,6,0.3,facial
45.173581344510175,9.072603562661993,3.488949022037687,140.6998095755599,116.07027829184598,11.693357023865772,15.522087770888094,0.26552100761972836,106.55068842018936,0.6315559042281267,0.6559810799728276,0.8959035943319795,14,7,0.3,facial
60.0358292285896,4.795308893116711,3.0627852765104304,131.8591923859346,78.79427205545494,7.807313137738324,16.384214225609956,0.10799283887719245,124.04402936672851,1.1786683986562945,1.0125484141994638,0.7667558427285801,9,3,0.2,facial
58.55414878046003,5.221127902517673,3.275607254908602,112.6117910166793,112.83516944773474,9.418566465954413,21.17854324038641,0.38850338959328123,116.697243389695,0.812275379935098,0.9706786072339266,0.9258292076388586,11,5,0.8,facial
52.048765164055816,6.036627310713485,2.246238968508712,136.076575498803,131.60968656289876,8.90684866722472,22.71071663398979,0.2805373155625719,128.07151555152296,0.7391026186196217,0.8484434008354297,0.8754245980117971,15,5,0.3,facial
36.942099569249635,8.949677414477357,2.3227585240815465,130.42506035755235,142.62213090057796,9.63795309388675,12.279850803307248,0.17244534246045054,109.55314708041028,0.854973199920795,0.9449665598224123,0.8292745821789403,19,5,0.2,facial
48.09802225289046,3.387289646870962,1.736489302249808,125.288694938248,85.42733387097813,8.310176052901607,13.156401062099254,0.17448700756354796,121.71295162317116,0.9330195270895265,1.0297243057830818,0.852221181635154,18,1,0.2,facial
60.02738050891056,5.861928445905595,1.5596386130516138,99.99016105505359,100.40412994498405,8.057510397605652,32.671605029758425,0.4443761987082925,129.08541474461538,1.0458185063336691,0.8542572273278529,0.8798732839545194,12,5,0.8,facial
38.24839660886092,8.186740545569224,1.9801226719737106,117.10495470836238,85.89869326206828,9.224568618531038,13.26377440197435,0.22793016504025915,128.9607519708365,0.9866197080801078,0.8299236818143544,0.6246932604560409,8,6,0.2,facial
47.82787238490646,3.3025128506803543,4.084938703001281,126.45521634904932,130.93240040390876,6.689592485541011,24.152000214920555,0.3550324992166524,109.14909223795834,1.1045341121402763,0.883486767160939,0.7760155914293987,18,7,0.9,facial
40.144780429969444,5.979257255578396,3.9755553649824424,110.31510234611491,106.96799264323877,5.418548269986337,16.553529986458543,0.19872858464292714,116.43976053899455,0.7059142199105364,0.7582816608314167,0.9651874146320912,18,5,0.2,facial
33.83985742735476,7.857033643830709,4.386525892239462,130.70319925800544,117.95655301823034,9.112229061946314,30.19940025969466,0.5335864816746984,101.11841856876545,0.9676665634305064,0.8111925078158033,1.1740507689768829,10,5,0.9,facial
47.423061416385366,7.544290075128039,3.8127430509015166,122.82625159412908,106.16890684823606,7.989196664283503,35.153295115413094,0.421597918023481,108.29602228553244,1.062257725918411,0.7982680171648492,0.6743364812361847,11,2,0.9,facial
46.75743866315922,3.6050813988281942,3.3197264577012326,123.00297631944038,122.39144789367788,13.676029019256813,22.178999237525527,0.1894738154215112,70.08365041973478,1.015907201683847,0.8168055910841568,0.8392091811161814,12,3,0.2,facial
42.0749628349535,6.524463086260399,4.786878044551955,139.7854601270008,107.31177078071201,3.9758903958644467,27.915606866434548,0.4096439339137068,125.59011642986457,0.7419051997203344,0.7772221066193301,0.7716453952943805,9,4,0.8,facial
61.4874667281991,4.7696144665733975,2.86102547702834,120.98927611842207,129.9744879599731,4.089735132141396,16.90581588525407,0.27512463701492595,102.81717558087222,0.4659038112728736,0.7485594924976993,0.8245932093933519,13,7,0.8,facial
51.098191398158335,9.354251904279065,3.584720980526786,136.37365850644701,132.25564610521647,13.322843059165717,16.99401829973961,0.11242464325553529,157.45078039023235,0.5331499030220408,0.9643842249428962,0.8190373704309258,20,6,0.2,facial
29.293147472586487,3.824831527145086,3.108556003341601,88.86849450105956,122.20961725184185,3.3973277508179587,17.854827825859324,0.17808763892439883,74.72885937614697,0.9958244577017202,0.8583148904505746,0.8938889096532414,12,4,0.3,facial
33.620069420655284,8.433247973196996,4.8075591600970515,72.52790935301192,128.55520241509606,1.4221245886349232,24.856409004985792,0.609911667025895,140.4033214194145,0.7052514853496152,0.8886690668590517,0.8101776939573829,12,2,0.9,facial
46.10674218339645,5.861557253164211,3.284482780835546,118.9295839776189,154.2556520281185,8.910536994255173,11.663190081179945,0.1648893892238789,151.9287828224227,0.8258576650282698,1.058604889625061,0.8175905803105069,12,3,0.2,facial
48.56744307418542,3.146264291009439,2.4830392598159103,130.0422761566667,186.7779642338941,0.1453578270364435,19.187865752042676,0.6900366897505328,143.5013601986959,0.458155605377401,0.8567989774391092,0.8324876673400933,15,4,0.8,facial
36.230384982456435,4.469837337331871,3.8765764355608816,109.2891699392439,139.20721127439725,7.582578049259489,33.02132564089257,0.3189561347257802,127.62287655670423,0.8735212956671574,0.8003959508673864,0.9683565155984691,10,5,0.9,facial
37.1550566544508,10.888708092987862,1.736777235233233,103.2127690665802,154.68798513236055,11.47982662232659,20.110903062347717,0.23220562102564155,139.4225087349683,0.9629529281358062,0.8415399706978915,0.8707751063594754,12,1,0.3,facial
59.10342563716924,4.8553373909031174,3.374438626142732,99.56472053803944,124.82622202000461,6.469409669861497,13.664499515787975,0.13346219188099437,71.40243222367823,0.9136724099068193,1.001395471910163,1.0045633119111843,20,5,0.2,facial
29.790237188955906,6.374072470256498,2.7427359871326105,68.55257605837892,99.72280438654079,8.754738077876164,23.158744358506585,0.2264348893332564,80.04519837540485,0.9490685605350722,0.9795961851059994,0.7832151792356756,20,5,0.3,facial
45.06749721020563,-0.48058179671428736,0.7938690718014838,130.005475236162,89.07109890554092,9.756013824831527,20.409716336196905,0.2886652867810149,124.67811352827364,1.1728114942481547,0.8167244511401466,0.9134908581054573,15,6,0.3,facial
47.05027782168959,4.5820761944676445,2.294782736748974,149.37821737300226,114.69896647049359,8.198938434711568,14.717791978896104,0.13346488721535701,106.40495254812191,0.5757526185069322,0.8956580719920993,0.7925782897761631,14,5,0.2,facial
52.82833023551483,7.699609137065716,1.7977512814294627,125.36558002957935,89.85509261134982,6.469951916868614,20.923409739113158,0.36185606735199566,105.82586902750526,0.5988737472371454,0.9099808180117386,0.781862142349963,20,3,0.8,facial
43.89932560651043,4.829128897160181,2.4773274052568484,118.18432572907197,129.57636436501468,5.7913939178615035,30.037184170194624,0.6451695280981604,138.9226388813136,0.769834626636628,0.8964980869023366,0.8084685727971503,19,5,0.9,facial
47.78650514122727,3.9186378285197434,2.5955809851574787,123.04497794281481,117.4830742573394,5.434914813847919,21.018266242886185,0.135066261024275,62.1731031328746,0.7222832887286211,1.0394475871424425,0.7131698686860233,15,4,0.2,facial
44.49682736687839,4.955793925571086,4.236206572283887,139.20933430845452,99.9355087487006,10.020671997091828,18.558102135085235,0.10225804861038809,141.3410913529098,0.3779241353408959,0.853949310492283,0.9550057722647959,13,3,0.2,facial
39.3691529958929,6.005280980941985,2.498049815654441,146.3036401670044,114.11662614613182,13.478085020338591,23.653338440878677,0.529010763806931,137.08172761032503,0.8653267755413447,0.7843087748013643,0.874779343461676,21,1,0.8,facial
33.047438066213246,2.78978977522239,4.0864734935867215,102.39106265361612,116.56960942879748,1.5029902735626504,14.521745310041313,0.22138304338966566,125.9517888718858,0.7192332472048195,0.9146693156062659,0.8187685838162531,13,4,0.2,facial
28.731583429736304,8.224957648638533,3.313739356289825,132.78495351475624,193.63304463192082,7.332153008228678,17.015364501379047,0.1356485446405132,77.92418926943338,0.6596698826926216,0.8966958469550366,0.7883235878376283,11,4,0.2,facial
32.918881903986616,3.1762083769334155,3.351325295649175,125.8534351949858,114.62448187341961,10.077070021050863,21.76084375544078,0.42328250602182266,102.7530220074336,0.5711838574155116,1.021567397827914,0.8120743426679482,19,1,0.8,facial
43.183155207364955,4.871833241828395,4.8453039455046625,113.11029069726776,109.42448417387185,5.009140982584661,31.24510606573527,0.2550036130322487,164.92963039692282,1.0098778131746076,0.8278429237265842,0.966323361794016,10,1,0.9,facial
39.710040482875456,4.089099509037512,3.852112458821159,88.39511668505975,101.463285937882,3.3407011244586915,31.739726317000482,0.6041088893268852,136.06656052286795,0.6959574257018298,0.9477566097115174,0.8542485846144657,21,3,0.9,facial
38.29416489969822,4.073964457197152,2.665612079115573,97.02235530612714,137.7703883281029,14.090810465203383,24.373765076804204,0.37604186991011784,126.13196205562073,0.941979430648185,0.9513965892939173,0.6901253241597886,20,2,0.8,facial
48.2603837142876,5.458765073634818,3.8650354490677077,119.0281162188012,145.41328702384564,10.481216274675793,34.77773997897882,0.31677449533014235,150.49071853745946,0.5260642731898946,0.7184831738675317,0.839450631961117,17,4,0.8,facial
